日期,中证500,上证指数,沪深300
2012-08-31,3139.5,2047.52,2204.87
2012-09-03,3200.31,2059.15,2228.37
2012-09-04,3164.83,2043.65,2204.41
2012-09-05,3181.8,2037.68,2199.88
2012-09-06,3217.94,2051.92,2217.82
2012-09-07,3334.66,2127.76,2317.18
2012-09-10,3363.61,2134.89,2326.67
2012-09-11,3350.09,2120.55,2311.89
2012-09-12,3376.12,2126.55,2320.07
2012-09-13,3329.3,2110.38,2298.46
2012-09-14,3338.04,2123.85,2315.54
2012-09-17,3237.7,2078.5,2258.71
2012-09-18,3224.26,2059.54,2235.24
2012-09-19,3255.87,2067.83,2246.24
2012-09-20,3161.76,2024.84,2195.95
2012-09-21,3143.71,2026.69,2199.06
2012-09-24,3167.16,2033.19,2215.52
2012-09-25,3144.41,2029.29,2210.15
2012-09-26,3071.99,2004.17,2184.89
2012-09-27,3141.08,2056.32,2251.72
2012-09-28,3199.75,2086.17,2293.11
2012-10-08,3183.37,2074.42,2270.05
2012-10-09,3265.62,2115.23,2320.16
2012-10-10,3296.92,2119.94,2324.12
2012-10-11,3248.05,2102.87,2302.53
2012-10-12,3240.4,2104.93,2304.53
2012-10-15,3223.19,2098.7,2294.86
2012-10-16,3233.23,2098.81,2298.16
2012-10-17,3240.78,2105.62,2300.8
2012-10-18,3294.84,2131.69,2336.08
2012-10-19,3285.45,2128.3,2332.47
2012-10-22,3298.49,2132.76,2341.59
2012-10-23,3259.07,2114.45,2312.08
2012-10-24,3257.92,2115.99,2307.78
2012-10-25,3226.17,2101.58,2291.24
2012-10-26,3163.3,2066.21,2247.91
2012-10-29,3158.94,2058.94,2235.85
2012-10-30,3160.69,2062.35,2239.88
2012-10-31,3168.1,2068.88,2254.82
2012-11-01,3228.19,2104.43,2297.88
2012-11-02,3249.55,2117.05,2306.77
2012-11-05,3235.35,2114.03,2301.88
2012-11-06,3213.26,2106.0,2292.21
2012-11-07,3209.14,2105.73,2287.51
2012-11-08,3129.57,2071.51,2245.41
2012-11-09,3116.98,2069.07,2240.92
2012-11-12,3136.31,2079.27,2251.85
2012-11-13,3072.12,2047.89,2212.44
2012-11-14,3081.25,2055.42,2223.11
2012-11-15,3026.84,2030.29,2193.62
2012-11-16,3009.15,2014.73,2177.24
2012-11-19,3016.16,2016.98,2174.99
2012-11-20,3004.18,2008.92,2164.88
2012-11-21,3035.28,2030.32,2194.9
2012-11-22,2995.09,2015.61,2177.55
2012-11-23,3005.46,2027.38,2192.68
2012-11-26,2970.32,2017.46,2175.6
2012-11-27,2864.17,1991.17,2150.64
2012-11-28,2800.54,1973.52,2129.16
2012-11-29,2774.18,1963.49,2115.68
2012-11-30,2816.62,1980.12,2139.66
2012-12-03,2749.13,1959.77,2108.85
2012-12-04,2783.41,1975.14,2131.47
2012-12-05,2886.19,2031.91,2207.88
2012-12-06,2884.35,2029.24,2203.6
2012-12-07,2950.19,2061.79,2246.76
2012-12-10,3002.23,2083.77,2271.05
2012-12-11,2982.03,2074.7,2258.5
2012-12-12,2982.89,2082.73,2267.77
2012-12-13,2943.28,2061.48,2242.64
2012-12-14,3066.23,2150.63,2355.87
2012-12-17,3091.88,2160.34,2366.7
2012-12-18,3086.58,2162.46,2368.12
2012-12-19,3099.09,2162.24,2371.11
2012-12-20,3108.86,2168.35,2384.82
2012-12-21,3101.07,2153.31,2372.0
2012-12-24,3117.7,2159.05,2381.22
2012-12-25,3189.09,2213.61,2448.4
2012-12-26,3228.68,2219.13,2457.62
2012-12-27,3199.48,2205.9,2444.59
2012-12-28,3235.2,2233.25,2480.05
2012-12-31,3275.86,2269.13,2522.95
2013-01-04,3258.25,2276.99,2524.41
2013-01-07,3288.37,2285.36,2535.99
2013-01-08,3327.04,2276.07,2525.33
2013-01-09,3334.99,2275.34,2526.13
2013-01-10,3356.35,2283.66,2530.57
2013-01-11,3271.18,2243.0,2483.23
2013-01-14,3384.75,2311.74,2577.73
2013-01-15,3450.68,2325.68,2595.86
2013-01-16,3450.56,2309.5,2577.09
2013-01-17,3408.02,2284.91,2552.76
2013-01-18,3464.65,2317.07,2595.44
2013-01-21,3491.12,2328.22,2610.9
2013-01-22,3435.43,2315.14,2596.9
2013-01-23,3441.75,2320.91,2607.46
2013-01-24,3369.73,2302.6,2582.76
2013-01-25,3364.06,2291.3,2571.67
2013-01-28,3449.79,2346.51,2651.86
2013-01-29,3482.52,2358.98,2675.87
2013-01-30,3500.58,2382.48,2688.71
2013-01-31,3479.64,2385.42,2686.88
2013-02-01,3507.71,2419.02,2743.32
2013-02-04,3484.36,2428.15,2748.03
2013-02-05,3520.65,2433.13,2771.68
2013-02-06,3544.39,2434.48,2775.84
2013-02-07,3557.67,2418.53,2759.87
2013-02-08,3608.59,2432.4,2771.73
2013-02-18,3627.78,2421.56,2737.47
2013-02-19,3561.36,2382.91,2685.61
2013-02-20,3635.38,2397.18,2702.64
2013-02-21,3560.32,2325.95,2610.55
2013-02-22,3548.36,2314.16,2596.6
2013-02-25,3587.59,2325.82,2604.96
2013-02-26,3533.2,2293.34,2567.6
2013-02-27,3535.9,2313.22,2594.68
2013-02-28,3608.2,2365.59,2673.33
2013-03-01,3648.42,2359.51,2668.84
2013-03-04,3518.72,2273.4,2545.72
2013-03-05,3597.92,2326.31,2622.81
2013-03-06,3653.93,2347.18,2650.2
2013-03-07,3609.64,2324.29,2619.48
2013-03-08,3570.38,2318.61,2606.93
2013-03-11,3571.11,2310.59,2592.37
2013-03-12,3481.18,2286.61,2555.62
2013-03-13,3449.35,2263.97,2527.49
2013-03-14,3464.85,2270.28,2534.27
2013-03-15,3471.21,2278.4,2539.87
2013-03-18,3427.12,2240.02,2502.49
2013-03-19,3438.07,2257.43,2525.1
2013-03-20,3527.77,2317.37,2610.17
2013-03-21,3565.02,2324.24,2614.99
2013-03-22,3579.92,2328.28,2618.31
2013-03-25,3568.52,2326.72,2613.1
2013-03-26,3543.81,2297.67,2575.05
2013-03-27,3552.26,2301.26,2583.53
2013-03-28,3448.98,2236.3,2499.3
2013-03-29,3447.29,2236.62,2495.08
2013-04-01,3470.96,2234.4,2493.19
2013-04-02,3428.5,2227.74,2486.39
2013-04-03,3397.23,2225.3,2483.55
2013-04-08,3411.13,2211.59,2472.3
2013-04-09,3444.37,2225.78,2489.43
2013-04-10,3437.27,2226.13,2485.31
2013-04-11,3423.22,2219.55,2477.88
2013-04-12,3394.52,2206.78,2462.11
2013-04-15,3346.85,2181.94,2436.82
2013-04-16,3383.08,2194.85,2459.59
2013-04-17,3412.42,2193.8,2458.47
2013-04-18,3423.01,2197.6,2464.85
2013-04-19,3495.24,2244.64,2533.83
2013-04-22,3511.62,2242.17,2530.67
2013-04-23,3416.45,2184.54,2449.47
2013-04-24,3484.57,2218.32,2495.58
2013-04-25,3431.4,2199.31,2467.88
2013-04-26,3367.77,2177.91,2447.31
2013-05-02,3383.4,2174.12,2449.64
2013-05-03,3448.64,2205.5,2492.91
2013-05-06,3514.46,2231.17,2525.98
2013-05-07,3521.48,2235.58,2529.94
2013-05-08,3553.85,2246.3,2542.8
2013-05-09,3555.77,2232.97,2527.79
2013-05-10,3577.33,2246.83,2540.84
2013-05-13,3590.76,2241.92,2530.77
2013-05-14,3549.3,2217.01,2493.34
2013-05-15,3597.11,2224.8,2506.93
2013-05-16,3635.76,2251.81,2552.71
2013-05-17,3691.4,2282.87,2592.05
2013-05-20,3737.75,2299.99,2609.61
2013-05-21,3787.06,2305.11,2614.85
2013-05-22,3755.87,2302.4,2618.03
2013-05-23,3724.23,2275.67,2582.85
2013-05-24,3782.07,2288.53,2597.23
2013-05-27,3820.43,2293.08,2599.59
2013-05-28,3827.78,2321.32,2644.36
2013-05-29,3856.32,2324.02,2642.56
2013-05-30,3865.13,2317.75,2634.32
2013-05-31,3841.22,2300.6,2606.43
2013-06-03,3814.51,2299.25,2602.62
2013-06-04,3739.72,2272.42,2565.67
2013-06-05,3755.15,2270.93,2560.54
2013-06-06,3688.74,2242.11,2527.85
2013-06-07,3616.21,2210.9,2484.16
2013-06-13,3515.05,2148.36,2399.94
2013-06-14,3584.98,2162.04,2416.77
2013-06-17,3593.37,2156.22,2403.84
2013-06-18,3605.76,2159.29,2418.75
2013-06-19,3583.3,2143.45,2400.77
2013-06-20,3465.0,2084.02,2321.47
2013-06-21,3446.48,2073.1,2317.39
2013-06-24,3232.96,1963.24,2171.21
2013-06-25,3219.13,1959.51,2165.42
2013-06-26,3285.82,1951.5,2168.3
2013-06-27,3233.22,1950.01,2160.74
2013-06-28,3235.98,1979.21,2200.64
2013-07-01,3304.59,1995.24,2213.32
2013-07-02,3359.05,2006.56,2221.98
2013-07-03,3364.18,1994.27,2203.83
2013-07-04,3390.49,2006.1,2221.98
2013-07-05,3371.53,2007.2,2226.85
2013-07-08,3240.48,1958.27,2163.62
2013-07-09,3259.91,1965.45,2162.67
2013-07-10,3361.4,2008.13,2224.07
2013-07-11,3455.88,2072.99,2326.69
2013-07-12,3425.14,2039.49,2275.37
2013-07-15,3493.44,2059.39,2307.3
2013-07-16,3536.31,2065.72,2317.85
2013-07-17,3485.07,2044.92,2282.84
2013-07-18,3481.2,2023.4,2245.33
2013-07-19,3394.31,1992.65,2190.48
2013-07-22,3461.28,2004.76,2202.19
2013-07-23,3544.97,2043.88,2265.85
2013-07-24,3566.28,2033.33,2249.15
2013-07-25,3498.24,2021.17,2237.68
2013-07-26,3494.16,2010.85,2224.01
2013-07-29,3426.59,1976.31,2175.97
2013-07-30,3411.22,1990.06,2189.39
2013-07-31,3430.74,1993.8,2193.02
2013-08-01,3521.15,2029.07,2245.36
2013-08-02,3533.61,2029.42,2247.26
2013-08-05,3592.54,2050.48,2278.33
2013-08-06,3631.12,2060.5,2293.64
2013-08-07,3596.32,2046.78,2280.62
2013-08-08,3605.85,2044.9,2276.78
2013-08-09,3618.74,2052.24,2286.01
2013-08-12,3676.2,2101.28,2352.79
2013-08-13,3695.55,2106.16,2359.07
2013-08-14,3681.08,2100.14,2349.08
2013-08-15,3631.32,2081.88,2321.58
2013-08-16,3554.35,2068.45,2304.14
2013-08-19,3609.03,2085.6,2331.43
2013-08-20,3599.64,2072.6,2312.47
2013-08-21,3627.5,2072.96,2308.59
2013-08-22,3636.47,2067.12,2303.93
2013-08-23,3627.97,2057.46,2286.93
2013-08-26,3703.59,2096.47,2335.62
2013-08-27,3732.1,2103.57,2340.88
2013-08-28,3703.92,2101.3,2328.06
2013-08-29,3701.08,2097.23,2318.31
2013-08-30,3664.15,2098.38,2313.91
2013-09-02,3689.96,2098.45,2320.34
2013-09-03,3744.87,2123.11,2354.5
2013-09-04,3755.24,2127.62,2350.7
2013-09-05,3762.57,2122.43,2341.74
2013-09-06,3792.83,2139.99,2357.78
2013-09-09,3831.93,2212.52,2440.61
2013-09-10,3870.92,2237.98,2474.89
2013-09-11,3834.26,2241.27,2482.89
2013-09-12,3845.07,2255.61,2507.46
2013-09-13,3849.82,2236.22,2488.9
2013-09-16,3854.21,2231.4,2478.39
2013-09-17,3786.29,2185.56,2427.32
2013-09-18,3822.12,2191.85,2432.51
2013-09-23,3899.63,2221.04,2472.29
2013-09-24,3903.52,2207.53,2443.89
2013-09-25,3889.22,2198.52,2429.03
2013-09-26,3808.22,2155.81,2384.44
2013-09-27,3822.76,2160.03,2394.97
2013-09-30,3872.89,2174.67,2409.04
2013-10-08,3938.07,2198.2,2441.81
2013-10-09,3981.06,2211.77,2453.58
2013-10-10,3959.63,2190.93,2429.32
2013-10-11,4026.92,2228.15,2468.51
2013-10-14,4068.32,2237.77,2472.54
2013-10-15,4074.08,2233.41,2467.52
2013-10-16,3963.21,2193.07,2421.37
2013-10-17,3956.97,2188.54,2413.33
2013-10-18,3970.64,2193.78,2426.05
2013-10-21,4069.03,2229.24,2471.32
2013-10-22,4026.52,2210.65,2445.89
2013-10-23,3924.22,2183.11,2418.49
2013-10-24,3898.16,2164.32,2400.51
2013-10-25,3821.78,2132.96,2368.56
2013-10-28,3808.7,2133.87,2365.95
2013-10-29,3703.86,2128.86,2372.05
2013-10-30,3764.45,2160.46,2407.47
2013-10-31,3713.83,2141.61,2373.72
2013-11-01,3702.45,2149.56,2384.96
2013-11-04,3728.19,2149.63,2380.45
2013-11-05,3777.4,2157.24,2383.77
2013-11-06,3737.11,2139.61,2353.57
2013-11-07,3685.04,2129.4,2340.55
2013-11-08,3629.94,2106.13,2307.95
2013-11-11,3645.84,2109.47,2315.89
2013-11-12,3680.54,2126.77,2340.0
2013-11-13,3611.76,2087.94,2288.12
2013-11-14,3659.83,2100.51,2304.5
2013-11-15,3736.45,2135.83,2350.73
2013-11-18,3827.88,2197.22,2428.9
2013-11-19,3840.37,2193.13,2412.16
2013-11-20,3878.58,2206.61,2424.85
2013-11-21,3865.41,2205.77,2409.99
2013-11-22,3842.76,2196.38,2397.96
2013-11-25,3839.6,2186.12,2388.63
2013-11-26,3845.68,2183.07,2387.42
2013-11-27,3889.76,2201.07,2414.48
2013-11-28,3922.67,2219.37,2439.53
2013-11-29,3946.38,2220.5,2438.94
2013-12-02,3770.87,2207.37,2418.79
2013-12-03,3859.96,2222.67,2442.78
2013-12-04,3933.0,2251.76,2475.14
2013-12-05,3928.72,2247.06,2468.2
2013-12-06,3918.78,2237.11,2452.29
2013-12-09,3947.7,2238.2,2450.87
2013-12-10,3950.49,2237.49,2453.32
2013-12-11,3906.78,2204.17,2412.76
2013-12-12,3916.96,2202.8,2410.02
2013-12-13,3925.43,2196.08,2406.64
2013-12-16,3857.72,2160.86,2367.92
2013-12-17,3834.03,2151.08,2356.38
2013-12-18,3834.05,2148.29,2357.23
2013-12-19,3795.02,2127.79,2332.41
2013-12-20,3747.0,2084.79,2278.14
2013-12-23,3742.74,2089.71,2284.6
2013-12-24,3768.7,2092.91,2288.25
2013-12-25,3808.45,2106.35,2305.11
2013-12-26,3743.13,2073.1,2265.33
2013-12-27,3800.77,2101.25,2303.48
2013-12-30,3813.0,2097.53,2299.46
2013-12-31,3829.1,2115.98,2330.03
2014-01-02,3847.88,2109.39,2321.98
2014-01-03,3816.32,2083.14,2290.78
2014-01-06,3710.9,2045.71,2238.64
2014-01-07,3733.66,2047.32,2238.0
2014-01-08,3738.21,2044.34,2241.91
2014-01-09,3696.02,2027.62,2222.22
2014-01-10,3628.63,2013.3,2204.85
2014-01-13,3612.02,2009.56,2193.68
2014-01-14,3683.53,2026.84,2212.85
2014-01-15,3708.14,2023.35,2208.94
2014-01-16,3714.31,2023.7,2211.84
2014-01-17,3671.92,2004.95,2178.49
2014-01-20,3644.13,1991.25,2165.99
2014-01-21,3700.11,2008.31,2187.41
2014-01-22,3799.04,2051.75,2243.8
2014-01-23,3825.49,2042.18,2231.89
2014-01-24,3882.67,2054.39,2245.68
2014-01-27,3881.95,2033.3,2215.92
2014-01-28,3873.81,2038.51,2219.86
2014-01-29,3908.45,2049.91,2227.78
2014-01-30,3885.42,2033.08,2202.45
2014-02-07,3957.67,2044.5,2212.48
2014-02-10,4074.63,2086.07,2267.53
2014-02-11,4080.38,2103.67,2285.56
2014-02-12,4125.41,2109.96,2291.25
2014-02-13,4064.42,2098.4,2279.55
2014-02-14,4134.16,2115.85,2295.58
2014-02-17,4212.75,2135.42,2311.65
2014-02-18,4207.7,2119.07,2282.44
2014-02-19,4207.99,2142.55,2308.66
2014-02-20,4149.07,2138.78,2287.44
2014-02-21,4121.92,2113.69,2264.29
2014-02-24,4105.79,2076.69,2214.51
2014-02-25,3961.44,2034.22,2157.91
2014-02-26,3987.48,2041.25,2163.41
2014-02-27,3934.73,2047.35,2154.11
2014-02-28,3975.93,2056.3,2178.97
2014-03-03,4058.8,2075.24,2190.37
2014-03-04,4059.57,2071.47,2184.27
2014-03-05,4037.78,2053.08,2163.98
2014-03-06,4032.76,2059.58,2173.63
2014-03-07,4012.45,2057.91,2168.36
2014-03-10,3860.24,1999.07,2097.79
2014-03-11,3864.26,2001.16,2108.66
2014-03-12,3865.66,1997.69,2114.13
2014-03-13,3907.15,2019.11,2140.33
2014-03-14,3888.98,2004.34,2122.84
2014-03-17,3967.15,2023.67,2143.04
2014-03-18,3989.2,2025.2,2138.13
2014-03-19,3980.67,2021.73,2120.87
2014-03-20,3876.58,1993.48,2086.97
2014-03-21,3952.39,2047.62,2158.8
2014-03-24,3985.86,2066.28,2176.55
2014-03-25,3991.14,2067.31,2174.44
2014-03-26,4001.5,2063.67,2171.05
2014-03-27,3944.04,2046.59,2155.71
2014-03-28,3865.3,2041.71,2151.97
2014-03-31,3840.54,2033.31,2146.31
2014-04-01,3899.49,2047.46,2163.12
2014-04-02,3902.04,2058.99,2180.73
2014-04-03,3896.28,2043.7,2165.01
2014-04-04,3939.23,2058.83,2185.47
2014-04-08,3981.63,2098.28,2237.32
2014-04-09,4018.55,2105.24,2238.62
2014-04-10,4038.84,2134.3,2273.76
2014-04-11,4021.19,2130.54,2270.67
2014-04-14,4051.33,2131.54,2268.61
2014-04-15,4021.91,2101.6,2229.46
2014-04-16,4019.88,2105.12,2232.53
2014-04-17,4014.94,2098.89,2224.8
2014-04-18,4029.26,2097.75,2224.48
2014-04-21,3965.34,2065.83,2187.25
2014-04-22,3947.17,2072.83,2196.8
2014-04-23,3929.17,2067.38,2194.67
2014-04-24,3884.81,2057.03,2190.47
2014-04-25,3800.68,2036.52,2167.83
2014-04-28,3684.59,2003.49,2134.97
2014-04-29,3738.93,2020.34,2158.47
2014-04-30,3766.17,2026.36,2158.66
2014-05-05,3798.29,2027.35,2156.47
2014-05-06,3817.98,2028.04,2157.33
2014-05-07,3749.97,2010.08,2137.32
2014-05-08,3754.01,2015.27,2135.5
2014-05-09,3716.02,2011.14,2133.91
2014-05-12,3812.76,2052.87,2180.05
2014-05-13,3806.89,2050.73,2174.85
2014-05-14,3803.8,2047.91,2172.37
2014-05-15,3732.34,2024.97,2144.08
2014-05-16,3726.66,2026.5,2145.95
2014-05-19,3705.36,2005.18,2115.14
2014-05-20,3715.71,2008.12,2115.77
2014-05-21,3747.33,2024.95,2135.91
2014-05-22,3746.14,2021.29,2130.87
2014-05-23,3786.56,2034.57,2148.41
2014-05-26,3827.49,2041.48,2155.98
2014-05-27,3818.32,2034.57,2147.28
2014-05-28,3861.59,2050.23,2169.35
2014-05-29,3821.87,2040.6,2155.16
2014-05-30,3829.24,2039.21,2156.46
2014-06-03,3822.72,2038.31,2149.92
2014-06-04,3789.29,2024.83,2128.27
2014-06-05,3832.06,2040.88,2150.6
2014-06-06,3818.33,2029.96,2134.72
2014-06-09,3797.43,2030.5,2134.28
2014-06-10,3840.02,2052.53,2161.27
2014-06-11,3858.05,2054.95,2160.77
2014-06-12,3850.11,2051.71,2153.41
2014-06-13,3891.56,2070.72,2176.24
2014-06-16,3914.98,2085.98,2191.86
2014-06-17,3879.34,2066.7,2169.67
2014-06-18,3858.1,2055.52,2160.24
2014-06-19,3755.69,2023.74,2126.91
2014-06-20,3789.34,2026.67,2136.73
2014-06-23,3815.88,2024.37,2134.11
2014-06-24,3839.2,2033.93,2144.82
2014-06-25,3814.03,2025.5,2133.37
2014-06-26,3861.95,2038.68,2149.08
2014-06-27,3889.32,2036.51,2150.26
2014-06-30,3924.9,2048.33,2165.12
2014-07-01,3951.73,2050.38,2164.56
2014-07-02,3979.31,2059.42,2170.87
2014-07-03,4019.65,2063.23,2180.19
2014-07-04,4004.56,2059.38,2178.7
2014-07-07,4014.49,2059.93,2176.29
2014-07-08,4039.71,2064.02,2180.47
2014-07-09,3982.4,2038.61,2148.71
2014-07-10,3982.2,2038.34,2142.85
2014-07-11,4029.75,2046.96,2148.01
2014-07-14,4090.8,2066.65,2171.76
2014-07-15,4093.11,2070.36,2174.98
2014-07-16,4062.12,2067.28,2170.87
2014-07-17,4031.44,2055.59,2157.07
2014-07-18,4042.52,2059.07,2164.14
2014-07-21,4030.24,2054.48,2166.3
2014-07-22,4083.29,2075.48,2192.7
2014-07-23,4057.11,2078.49,2197.83
2014-07-24,4054.22,2105.06,2237.02
2014-07-25,4089.8,2126.61,2260.45
2014-07-28,4168.37,2177.95,2323.9
2014-07-29,4207.86,2183.19,2331.37
2014-07-30,4214.84,2181.24,2322.01
2014-07-31,4257.05,2201.56,2350.25
2014-08-01,4210.22,2185.3,2329.4
2014-08-04,4278.85,2223.33,2375.62
2014-08-05,4300.12,2219.95,2369.35
2014-08-06,4328.6,2217.47,2363.22
2014-08-07,4286.09,2187.67,2327.46
2014-08-08,4311.7,2194.43,2331.13
2014-08-11,4377.02,2224.65,2365.35
2014-08-12,4399.81,2221.6,2357.05
2014-08-13,4401.81,2222.88,2358.9
2014-08-14,4373.5,2206.47,2335.95
2014-08-15,4423.64,2226.73,2360.64
2014-08-18,4483.54,2239.47,2374.56
2014-08-19,4496.94,2245.33,2374.77
2014-08-20,4497.4,2240.21,2366.14
2014-08-21,4495.44,2230.46,2354.24
2014-08-22,4521.75,2240.81,2365.36
2014-08-25,4487.14,2229.27,2342.86
2014-08-26,4407.59,2207.11,2324.09
2014-08-27,4421.21,2209.47,2327.6
2014-08-28,4381.49,2195.82,2311.28
2014-08-29,4427.88,2217.2,2338.29
2014-09-01,4507.44,2235.51,2355.32
2014-09-02,4576.12,2266.05,2386.46
2014-09-03,4608.56,2288.63,2408.84
2014-09-04,4647.89,2306.86,2426.22
2014-09-05,4666.47,2326.43,2449.26
2014-09-09,4701.7,2326.53,2445.22
2014-09-10,4709.91,2318.31,2432.43
2014-09-11,4704.94,2311.68,2423.45
2014-09-12,4756.95,2331.95,2438.36
2014-09-15,4807.56,2339.14,2437.19
2014-09-16,4645.55,2296.56,2388.77
2014-09-17,4686.05,2307.89,2401.33
2014-09-18,4719.01,2315.93,2408.66
2014-09-19,4758.73,2329.45,2425.21
2014-09-22,4694.23,2289.87,2378.92
2014-09-23,4754.47,2309.72,2399.46
2014-09-24,4815.71,2343.58,2441.86
2014-09-25,4814.74,2345.1,2436.97
2014-09-26,4829.94,2347.72,2437.2
2014-09-29,4877.44,2357.71,2447.8
2014-09-30,4916.12,2363.87,2450.99
2014-10-08,4993.53,2382.79,2478.38
2014-10-09,5004.0,2389.37,2481.96
2014-10-10,4981.85,2374.54,2466.79
2014-10-13,4982.68,2366.01,2454.95
2014-10-14,4966.08,2359.48,2446.56
2014-10-15,4987.71,2373.67,2463.87
2014-10-16,4906.24,2356.5,2444.4
2014-10-17,4860.73,2341.18,2441.73
2014-10-20,4929.16,2356.73,2454.71
2014-10-21,4884.02,2339.66,2433.39
2014-10-22,4825.61,2326.55,2418.64
2014-10-23,4755.23,2302.42,2395.94
2014-10-24,4774.67,2302.28,2390.71
2014-10-27,4809.52,2290.44,2368.83
2014-10-28,4924.96,2337.87,2416.65
2014-10-29,4991.76,2373.03,2451.38
2014-10-30,4992.63,2391.08,2468.93
2014-10-31,4986.42,2420.18,2508.33
2014-11-03,5028.7,2430.03,2512.55
2014-11-04,5003.47,2430.68,2513.17
2014-11-05,4995.44,2419.25,2503.45
2014-11-06,5024.85,2425.86,2506.07
2014-11-07,4977.26,2418.17,2502.15
2014-11-10,5031.0,2473.67,2565.73
2014-11-11,4881.48,2469.67,2558.61
2014-11-12,4965.38,2494.48,2594.32
2014-11-13,4921.67,2485.61,2579.75
2014-11-14,4909.61,2478.82,2581.09
2014-11-17,4958.47,2474.01,2567.1
2014-11-18,4967.65,2456.37,2541.42
2014-11-19,4985.1,2450.99,2537.22
2014-11-20,4974.63,2452.66,2537.1
2014-11-21,5029.77,2486.79,2583.46
2014-11-24,5112.12,2532.88,2649.26
2014-11-25,5189.0,2567.6,2685.56
2014-11-26,5214.21,2604.35,2723.02
2014-11-27,5251.39,2630.49,2754.49
2014-11-28,5245.27,2682.84,2808.82
2014-12-01,5208.14,2680.16,2819.81
2014-12-02,5277.66,2763.55,2923.94
2014-12-03,5339.01,2779.53,2967.55
2014-12-04,5451.96,2899.46,3104.35
2014-12-05,5333.89,2937.65,3124.89
2014-12-08,5412.67,3020.26,3252.88
2014-12-09,5195.41,2856.27,3106.91
2014-12-10,5374.1,2940.01,3221.55
2014-12-11,5454.44,2925.74,3183.01
2014-12-12,5493.2,2938.17,3193.23
2014-12-15,5583.6,2953.42,3217.23
2014-12-16,5606.69,3021.52,3303.4
2014-12-17,5557.29,3061.02,3360.6
2014-12-18,5558.05,3057.52,3345.93
2014-12-19,5524.12,3108.6,3383.17
2014-12-22,5305.21,3127.45,3394.48
2014-12-23,5193.72,3032.61,3324.92
2014-12-24,5262.37,2972.53,3230.39
2014-12-25,5364.56,3072.54,3335.42
2014-12-26,5422.75,3157.6,3445.84
2014-12-29,5367.64,3168.02,3455.46
2014-12-30,5275.09,3165.82,3457.55
2014-12-31,5322.71,3234.68,3533.71
2015-01-05,5417.02,3350.52,3641.54
2015-01-06,5479.86,3351.45,3641.06
2015-01-07,5488.24,3373.95,3643.79
2015-01-08,5444.04,3293.46,3559.26
2015-01-09,5409.06,3285.41,3546.72
2015-01-12,5332.22,3229.32,3513.58
2015-01-13,5405.09,3235.3,3514.04
2015-01-14,5379.74,3222.44,3502.42
2015-01-15,5449.04,3336.46,3604.12
2015-01-16,5520.12,3376.5,3635.15
2015-01-19,5281.9,3116.35,3355.16
2015-01-20,5472.51,3173.05,3396.22
2015-01-21,5611.69,3323.61,3548.89
2015-01-22,5690.16,3343.34,3567.61
2015-01-23,5633.29,3351.76,3571.73
2015-01-26,5758.98,3383.18,3607.99
2015-01-27,5773.82,3352.96,3574.93
2015-01-28,5739.92,3305.74,3525.32
2015-01-29,5701.21,3262.31,3481.8
2015-01-30,5632.73,3210.36,3434.39
2015-02-02,5609.39,3128.3,3353.96
2015-02-03,5707.48,3204.91,3437.45
2015-02-04,5683.52,3174.13,3401.77
2015-02-05,5654.22,3136.53,3366.95
2015-02-06,5534.79,3075.91,3312.42
2015-02-09,5504.97,3095.12,3345.92
2015-02-10,5580.7,3141.59,3406.94
2015-02-11,5641.79,3157.7,3434.12
2015-02-12,5681.34,3173.42,3442.87
2015-02-13,5769.27,3203.83,3469.83
2015-02-16,5869.71,3222.36,3499.48
2015-02-17,5911.1,3246.91,3522.32
2015-02-25,5906.54,3228.84,3478.73
2015-02-26,5969.56,3298.36,3566.3
2015-02-27,6018.46,3310.3,3572.84
2015-03-02,6139.79,3336.29,3601.27
2015-03-03,6118.66,3263.05,3507.9
2015-03-04,6210.42,3279.53,3530.82
2015-03-05,6208.99,3248.48,3496.34
2015-03-06,6133.03,3241.19,3478.52
2015-03-09,6212.24,3302.41,3537.75
2015-03-10,6276.49,3286.07,3520.61
2015-03-11,6262.89,3290.9,3524.65
2015-03-12,6260.14,3349.32,3592.84
2015-03-13,6329.58,3372.91,3617.66
2015-03-16,6516.77,3449.31,3705.67
2015-03-17,6618.05,3502.85,3757.12
2015-03-18,6728.07,3577.3,3846.06
2015-03-19,6782.46,3582.27,3839.74
2015-03-20,6850.9,3617.32,3892.57
2015-03-23,7017.15,3687.73,3972.06
2015-03-24,7046.12,3691.41,3973.05
2015-03-25,7124.87,3660.73,3940.41
2015-03-26,7074.44,3682.1,3950.0
2015-03-27,7155.95,3691.1,3971.7
2015-03-30,7245.5,3786.57,4088.18
2015-03-31,7253.1,3747.9,4051.2
2015-04-01,7425.73,3810.29,4123.9
2015-04-02,7560.65,3825.78,4124.78
2015-04-03,7679.01,3863.93,4170.54
2015-04-07,7863.28,3961.38,4260.04
2015-04-08,7808.0,3994.81,4295.8
2015-04-09,7746.15,3957.53,4262.14
2015-04-10,7952.19,4034.31,4344.42
2015-04-13,8122.89,4121.72,4421.07
2015-04-14,8119.96,4135.57,4438.18
2015-04-15,7802.75,4084.16,4380.51
2015-04-16,7912.09,4194.82,4513.55
2015-04-17,7980.76,4287.3,4596.14
2015-04-20,7839.9,4217.08,4521.92
2015-04-21,8112.69,4293.62,4619.16
2015-04-22,8323.43,4398.49,4739.81
2015-04-23,8410.7,4414.51,4740.89
2015-04-24,8419.1,4393.69,4702.64
2015-04-27,8513.02,4527.4,4807.59
2015-04-28,8266.48,4476.22,4741.86
2015-04-29,8428.25,4476.62,4774.33
2015-04-30,8469.67,4441.66,4749.89
2015-05-04,8510.48,4480.46,4787.74
2015-05-05,8199.34,4298.71,4596.84
2015-05-06,8083.0,4229.27,4553.33
2015-05-07,7903.48,4112.21,4470.09
2015-05-08,8201.29,4205.92,4558.4
2015-05-11,8558.22,4333.58,4690.53
2015-05-12,8745.68,4401.22,4747.42
2015-05-13,8824.93,4375.76,4718.44
2015-05-14,8813.39,4378.31,4700.78
2015-05-15,8742.89,4308.69,4617.47
2015-05-18,8903.6,4283.49,4575.14
2015-05-19,9124.83,4417.55,4731.22
2015-05-20,9277.33,4446.29,4754.92
2015-05-21,9619.22,4529.42,4840.98
2015-05-22,9778.17,4657.6,4951.34
2015-05-25,10040.09,4813.8,5099.5
2015-05-26,10373.58,4910.9,5198.92
2015-05-27,10497.34,4941.71,5181.43
2015-05-28,9868.42,4620.27,4834.01
2015-05-29,9966.85,4611.74,4840.83
2015-06-01,10488.31,4828.74,5076.18
2015-06-02,10886.4,4910.53,5161.87
2015-06-03,10979.99,4909.98,5143.59
2015-06-04,10965.41,4947.1,5181.42
2015-06-05,11144.52,5023.1,5230.55
2015-06-08,11030.92,5131.88,5353.75
2015-06-09,11013.74,5113.53,5317.46
2015-06-10,11208.06,5106.04,5309.11
2015-06-11,11366.29,5121.59,5306.59
2015-06-12,11545.89,5166.35,5335.12
2015-06-15,11332.89,5062.99,5221.17
2015-06-16,10879.84,4887.43,5064.82
2015-06-17,11100.55,4967.9,5138.83
2015-06-18,10731.38,4785.36,4930.55
2015-06-19,9987.41,4478.36,4637.05
2015-06-23,10046.88,4576.49,4786.09
2015-06-24,10267.63,4690.15,4880.13
2015-06-25,9906.1,4527.78,4706.52
2015-06-26,9078.06,4192.87,4336.19
2015-06-29,8484.64,4053.03,4191.55
2015-06-30,8906.02,4277.22,4473.0
2015-07-01,8411.91,4053.7,4253.02
2015-07-02,7835.1,3912.77,4108.0
2015-07-03,7355.49,3686.92,3885.92
2015-07-06,7236.0,3775.91,3998.54
2015-07-07,6763.53,3727.12,3928.0
2015-07-08,6602.37,3507.19,3663.04
2015-07-09,6896.35,3709.33,3897.63
2015-07-10,7244.78,3877.8,4106.56
2015-07-13,7695.64,3970.39,4211.81
2015-07-14,7859.06,3924.49,4112.15
2015-07-15,7405.29,3805.7,3966.76
2015-07-16,7578.76,3823.18,3997.36
2015-07-17,7994.7,3957.35,4151.5
2015-07-20,8116.5,3992.11,4160.61
2015-07-21,8220.46,4017.67,4166.01
2015-07-22,8320.24,4026.05,4157.16
2015-07-23,8551.99,4123.92,4250.81
2015-07-24,8425.07,4070.91,4176.28
2015-07-27,7794.18,3725.56,3818.73
2015-07-28,7649.82,3663.0,3811.09
2015-07-29,8022.8,3789.17,3930.38
2015-07-30,7800.58,3705.77,3815.41
2015-07-31,7727.06,3663.73,3816.7
2015-08-03,7540.21,3622.91,3829.24
2015-08-04,7942.1,3756.54,3948.16
2015-08-05,7839.34,3694.57,3866.9
2015-08-06,7792.03,3661.54,3831.85
2015-08-07,8013.32,3744.2,3906.94
2015-08-10,8394.09,3928.42,4084.36
2015-08-11,8435.33,3927.91,4066.67
2015-08-12,8336.34,3886.32,4016.13
2015-08-13,8534.43,3954.56,4075.46
2015-08-14,8625.24,3965.33,4073.54
2015-08-17,8820.46,3993.67,4077.87
2015-08-18,8161.27,3748.16,3825.41
2015-08-19,8340.98,3794.11,3886.14
2015-08-20,8049.51,3664.29,3761.45
2015-08-21,7612.9,3507.74,3589.54
2015-08-24,7006.19,3209.91,3275.53
2015-08-25,6481.41,2964.97,3042.93
2015-08-26,6238.53,2927.29,3025.69
2015-08-27,6456.05,3083.59,3205.64
2015-08-28,6842.89,3232.35,3342.29
2015-08-31,6581.31,3205.99,3366.54
2015-09-01,6169.21,3166.62,3362.08
2015-09-02,6122.55,3160.17,3365.83
2015-09-07,6143.56,3080.42,3250.49
2015-09-08,6374.86,3170.45,3334.02
2015-09-09,6551.01,3243.09,3399.31
2015-09-10,6440.31,3197.89,3357.56
2015-09-11,6493.32,3200.23,3347.19
2015-09-14,6049.79,3114.8,3281.13
2015-09-15,5708.03,3005.17,3152.23
2015-09-16,6084.84,3152.26,3309.25
2015-09-17,5965.41,3086.06,3237.0
2015-09-18,6036.88,3097.92,3251.27
2015-09-21,6250.44,3156.54,3308.25
2015-09-22,6295.93,3185.62,3339.03
2015-09-23,6224.6,3115.89,3263.03
2015-09-24,6315.11,3142.69,3285.0
2015-09-25,6108.38,3092.35,3231.95
2015-09-28,6219.69,3100.76,3242.75
2015-09-29,6103.61,3038.14,3178.85
2015-09-30,6123.73,3052.78,3202.95
2015-10-08,6372.49,3143.36,3296.48
2015-10-09,6470.05,3183.15,3340.12
2015-10-12,6718.72,3287.66,3447.69
2015-10-13,6802.08,3293.23,3445.04
2015-10-14,6724.5,3262.44,3406.11
2015-10-15,6929.24,3338.07,3486.82
2015-10-16,7047.56,3391.35,3534.07
2015-10-19,7047.37,3386.7,3534.18
2015-10-20,7162.08,3425.33,3577.7
2015-10-21,6712.74,3320.68,3473.25
2015-10-22,6964.3,3368.74,3524.53
2015-10-23,7138.23,3412.43,3571.24
2015-10-26,7186.75,3429.58,3589.26
2015-10-27,7231.44,3434.34,3592.88
2015-10-28,7048.9,3375.2,3524.92
2015-10-29,7108.97,3387.32,3533.31
2015-10-30,7084.97,3382.56,3534.08
2015-11-02,6936.43,3325.08,3475.96
2015-11-03,6920.1,3316.7,3465.49
2015-11-04,7267.99,3459.64,3628.54
2015-11-05,7276.45,3522.82,3705.97
2015-11-06,7446.85,3590.03,3793.37
2015-11-09,7543.8,3646.88,3840.35
2015-11-10,7575.01,3640.49,3833.24
2015-11-11,7684.67,3650.25,3833.65
2015-11-12,7682.45,3632.9,3795.32
2015-11-13,7567.11,3580.84,3746.24
2015-11-16,7718.85,3606.96,3764.13
2015-11-17,7650.38,3604.8,3758.39
2015-11-18,7526.94,3568.47,3715.58
2015-11-19,7718.62,3617.06,3774.97
2015-11-20,7806.27,3630.5,3774.38
2015-11-23,7744.18,3610.32,3753.34
2015-11-24,7798.5,3616.11,3753.89
2015-11-25,7922.38,3647.93,3781.61
2015-11-26,7874.08,3635.55,3759.43
2015-11-27,7376.12,3436.3,3556.99
2015-11-30,7408.4,3445.4,3566.41
2015-12-01,7443.95,3456.31,3591.7
2015-12-02,7405.86,3536.91,3721.95
2015-12-03,7570.51,3584.82,3749.3
2015-12-04,7511.67,3524.99,3677.59
2015-12-07,7602.23,3536.93,3687.61
2015-12-08,7404.14,3470.07,3623.02
2015-12-09,7374.27,3472.44,3635.94
2015-12-10,7350.21,3455.5,3623.08
2015-12-11,7290.7,3434.58,3608.06
2015-12-14,7441.03,3520.67,3711.32
2015-12-15,7498.18,3510.35,3694.39
2015-12-16,7529.4,3516.19,3685.44
2015-12-17,7716.25,3580.0,3755.89
2015-12-18,7699.37,3578.96,3767.91
2015-12-21,7788.56,3642.47,3865.96
2015-12-22,7856.61,3651.77,3876.73
2015-12-23,7773.28,3636.09,3866.38
2015-12-24,7753.04,3612.49,3829.4
2015-12-25,7792.12,3627.91,3838.2
2015-12-28,7603.36,3533.78,3727.63
2015-12-29,7674.39,3563.74,3761.87
2015-12-30,7741.05,3572.88,3765.18
2015-12-31,7617.69,3539.18,3731.0
2016-01-04,6983.4,3296.26,3469.07
2016-01-05,6889.74,3287.71,3478.78
2016-01-06,7065.61,3361.84,3539.81
2016-01-07,6462.24,3125.0,3294.38
2016-01-08,6570.43,3186.41,3361.56
2016-01-11,6128.66,3016.7,3192.45
2016-01-12,6136.66,3022.86,3215.71
2016-01-13,5924.04,2949.6,3155.88
2016-01-14,6124.82,3007.65,3221.57
2016-01-15,5893.68,2900.97,3118.73
2016-01-18,5978.91,2913.84,3130.73
2016-01-19,6197.09,3007.74,3223.13
2016-01-20,6138.5,2976.69,3174.38
2016-01-21,5886.88,2880.48,3081.35
2016-01-22,5980.61,2916.56,3113.46
2016-01-25,6041.33,2938.51,3128.89
2016-01-26,5589.31,2749.79,2940.51
2016-01-27,5514.19,2735.56,2930.35
2016-01-28,5271.23,2655.66,2853.76
2016-01-29,5469.13,2737.6,2946.09
2016-02-01,5399.48,2688.85,2901.05
2016-02-02,5586.63,2749.57,2961.33
2016-02-03,5610.17,2739.25,2948.64
2016-02-04,5721.49,2781.02,2984.76
2016-02-05,5664.2,2763.49,2963.79
2016-02-15,5668.04,2746.2,2946.71
2016-02-16,5902.53,2836.57,3037.04
2016-02-17,5971.41,2867.34,3063.32
2016-02-18,5957.13,2862.89,3053.7
2016-02-19,5979.52,2860.02,3051.59
2016-02-22,6103.72,2927.18,3118.87
2016-02-23,6070.5,2903.33,3089.36
2016-02-24,6111.04,2928.9,3109.55
2016-02-25,5626.05,2741.25,2918.75
2016-02-26,5648.94,2767.21,2948.03
2016-02-29,5350.43,2687.98,2877.47
2016-03-01,5473.63,2733.17,2930.69
2016-03-02,5753.15,2849.68,3051.33
2016-03-03,5776.98,2859.76,3058.42
2016-03-04,5621.56,2874.15,3093.89
2016-03-07,5752.55,2897.34,3104.84
2016-03-08,5764.33,2901.39,3107.67
2016-03-09,5617.04,2862.56,3071.91
2016-03-10,5521.95,2804.73,3013.15
2016-03-11,5508.98,2810.31,3018.28
2016-03-14,5690.59,2859.5,3065.69
2016-03-15,5639.8,2864.37,3074.78
2016-03-16,5562.8,2870.43,3090.03
2016-03-17,5745.98,2904.83,3124.2
2016-03-18,5949.26,2955.15,3171.96
2016-03-21,6099.48,3018.8,3249.44
2016-03-22,6075.49,2999.36,3225.79
2016-03-23,6118.97,3009.96,3236.09
2016-03-24,6018.42,2960.97,3181.85
2016-03-25,6077.43,2979.43,3197.82
2016-03-28,6037.78,2957.82,3169.73
2016-03-29,5921.87,2919.83,3135.41
2016-03-30,6137.5,3000.64,3216.28
2016-03-31,6155.81,3003.92,3218.09
2016-04-01,6124.53,3009.53,3221.89
2016-04-05,6286.58,3053.07,3264.49
2016-04-06,6323.43,3050.59,3257.53
2016-04-07,6228.97,3008.42,3209.29
2016-04-08,6168.74,2984.96,3185.73
2016-04-11,6304.3,3033.96,3230.1
2016-04-12,6252.77,3023.65,3218.45
2016-04-13,6344.23,3066.64,3261.38
2016-04-14,6401.85,3082.36,3275.83
2016-04-15,6384.35,3078.12,3272.21
2016-04-18,6281.2,3033.66,3228.45
2016-04-19,6308.23,3042.82,3238.3
2016-04-20,6022.21,2972.58,3181.03
2016-04-21,5970.68,2952.89,3160.6
2016-04-22,6011.32,2959.24,3174.9
2016-04-25,5978.08,2946.67,3162.03
2016-04-26,6046.77,2964.7,3179.16
2016-04-27,6016.7,2953.67,3165.92
2016-04-28,5990.33,2945.59,3160.58
2016-04-29,5985.59,2938.32,3156.75
2016-05-03,6167.45,2992.64,3213.54
2016-05-04,6169.78,2991.27,3209.46
2016-05-05,6203.82,2997.84,3213.92
2016-05-06,5961.49,2913.25,3130.35
2016-05-09,5743.65,2832.11,3065.62
2016-05-10,5738.9,2832.59,3069.11
2016-05-11,5723.41,2837.04,3082.81
2016-05-12,5726.46,2835.86,3090.14
2016-05-13,5714.31,2827.11,3074.94
2016-05-16,5812.54,2850.86,3095.31
2016-05-17,5790.34,2843.68,3086.02
2016-05-18,5631.19,2807.51,3068.04
2016-05-19,5666.73,2806.91,3062.5
2016-05-20,5732.9,2825.48,3078.22
2016-05-23,5809.48,2843.65,3087.22
2016-05-24,5743.18,2821.67,3063.56
2016-05-25,5715.18,2815.09,3059.23
2016-05-26,5744.39,2822.44,3064.21
2016-05-27,5739.59,2821.05,3062.5
2016-05-30,5711.32,2822.45,3066.71
2016-05-31,5947.32,2916.62,3169.56
2016-06-01,5973.78,2913.51,3160.55
2016-06-02,6013.89,2925.23,3167.1
2016-06-03,6032.6,2938.68,3189.33
2016-06-06,6051.86,2934.1,3178.79
2016-06-07,6045.36,2936.04,3177.05
2016-06-08,6023.88,2927.16,3163.99
2016-06-13,5746.44,2833.07,3066.34
2016-06-14,5762.76,2842.19,3075.98
2016-06-15,5952.85,2887.21,3116.37
2016-06-16,5930.55,2872.82,3094.67
2016-06-17,5964.27,2885.11,3110.36
2016-06-20,5985.57,2888.81,3112.67
2016-06-21,5916.8,2878.56,3106.32
2016-06-22,6008.89,2905.55,3133.96
2016-06-23,5978.17,2891.96,3117.32
2016-06-24,5903.62,2854.29,3077.16
2016-06-27,6044.22,2895.7,3120.54
2016-06-28,6107.51,2912.56,3136.4
2016-06-29,6120.2,2931.59,3151.39
2016-06-30,6123.49,2929.61,3153.92
2016-07-01,6111.54,2932.48,3154.2
2016-07-04,6231.88,2988.6,3204.7
2016-07-05,6269.5,3006.39,3207.38
2016-07-06,6297.4,3017.29,3216.8
2016-07-07,6319.79,3016.85,3209.95
2016-07-08,6299.85,2988.09,3192.28
2016-07-11,6312.5,2994.92,3203.33
2016-07-12,6395.14,3049.38,3273.18
2016-07-13,6446.56,3060.69,3282.87
2016-07-14,6455.58,3054.02,3276.76
2016-07-15,6441.02,3054.3,3276.28
2016-07-18,6412.07,3043.56,3262.02
2016-07-19,6431.94,3036.6,3248.23
2016-07-20,6417.92,3027.9,3237.61
2016-07-21,6442.71,3039.01,3252.52
2016-07-22,6390.93,3012.82,3225.16
2016-07-25,6408.78,3015.83,3230.89
2016-07-26,6494.47,3050.17,3269.59
2016-07-27,6229.29,2992.0,3218.24
2016-07-28,6243.29,2994.32,3221.14
2016-07-29,6202.89,2979.34,3203.93
2016-08-01,6109.28,2953.39,3176.81
2016-08-02,6168.51,2971.28,3189.05
2016-08-03,6198.39,2978.46,3193.51
2016-08-04,6238.23,2982.43,3201.29
2016-08-05,6203.29,2976.7,3205.11
2016-08-08,6290.76,3004.28,3234.18
2016-08-09,6341.55,3025.68,3256.98
2016-08-10,6318.27,3018.75,3243.34
2016-08-11,6226.31,3002.64,3233.36
2016-08-12,6299.09,3050.67,3294.23
2016-08-15,6442.53,3125.2,3393.42
2016-08-16,6468.89,3110.04,3378.25
2016-08-17,6488.36,3109.55,3373.05
2016-08-18,6490.41,3104.11,3364.49
2016-08-19,6499.55,3108.1,3365.02
2016-08-22,6420.35,3084.81,3336.79
2016-08-23,6428.7,3089.71,3341.83
2016-08-24,6435.06,3085.88,3329.86
2016-08-25,6382.57,3068.33,3308.97
2016-08-26,6410.73,3070.31,3307.09
2016-08-29,6427.53,3070.03,3307.78
2016-08-30,6425.75,3074.68,3311.99
2016-08-31,6434.21,3085.49,3327.79
2016-09-01,6381.48,3063.31,3301.58
2016-09-02,6356.95,3067.35,3314.11
2016-09-05,6391.79,3072.1,3319.68
2016-09-06,6492.97,3090.71,3342.63
2016-09-07,6494.32,3091.93,3340.82
2016-09-08,6517.98,3095.95,3339.56
2016-09-09,6471.05,3078.85,3318.04
2016-09-12,6291.64,3021.98,3262.6
2016-09-13,6320.03,3023.51,3260.33
2016-09-14,6278.16,3002.85,3238.73
2016-09-19,6344.18,3026.05,3263.12
2016-09-20,6342.03,3023.0,3257.4
2016-09-21,6343.75,3025.87,3266.64
2016-09-22,6385.64,3042.31,3291.12
2016-09-23,6370.58,3033.9,3275.67
2016-09-26,6241.52,2980.43,3220.28
2016-09-27,6286.91,2998.17,3240.75
2016-09-28,6281.28,2987.86,3230.89
2016-09-29,6298.79,2998.48,3244.39
2016-09-30,6328.09,3004.7,3253.28
2016-10-10,6447.69,3048.14,3293.87
2016-10-11,6486.43,3065.25,3306.56
2016-10-12,6482.74,3058.5,3300.01
2016-10-13,6484.83,3061.35,3302.65
2016-10-14,6469.49,3063.81,3305.85
2016-10-17,6413.15,3041.17,3277.88
2016-10-18,6509.28,3083.88,3321.33
2016-10-19,6495.26,3084.72,3316.24
2016-10-20,6498.24,3084.46,3318.6
2016-10-21,6475.28,3090.94,3327.74
2016-10-24,6539.47,3128.25,3367.58
2016-10-25,6563.35,3131.94,3367.45
2016-10-26,6530.39,3116.31,3354.8
2016-10-27,6517.36,3112.35,3345.7
2016-10-28,6455.83,3104.27,3340.13
2016-10-31,6452.21,3100.49,3336.28
2016-11-01,6507.95,3122.44,3359.05
2016-11-02,6455.13,3102.73,3333.35
2016-11-03,6483.73,3128.94,3365.09
2016-11-04,6462.59,3125.32,3354.17
2016-11-07,6468.82,3133.33,3356.59
2016-11-08,6503.18,3147.89,3371.12
2016-11-09,6453.57,3128.37,3353.05
2016-11-10,6536.97,3171.28,3390.61
2016-11-11,6583.89,3196.04,3417.22
2016-11-14,6615.01,3210.37,3430.25
2016-11-15,6640.46,3206.99,3429.87
2016-11-16,6644.19,3205.06,3429.59
2016-11-17,6636.47,3208.45,3436.54
2016-11-18,6602.33,3192.86,3417.46
2016-11-21,6611.54,3218.15,3441.11
2016-11-22,6661.25,3248.35,3468.36
2016-11-23,6631.17,3241.14,3474.73
2016-11-24,6623.05,3241.74,3488.74
2016-11-25,6652.82,3261.94,3521.3
2016-11-28,6670.8,3277.0,3535.08
2016-11-29,6620.79,3282.92,3564.04
2016-11-30,6585.58,3250.03,3538.0
2016-12-01,6624.47,3273.31,3565.04
2016-12-02,6520.97,3243.84,3528.95
2016-12-05,6486.02,3204.71,3469.41
2016-12-06,6490.89,3199.65,3459.15
2016-12-07,6558.02,3222.24,3475.75
2016-12-08,6527.43,3215.37,3470.14
2016-12-09,6513.92,3232.88,3493.7
2016-12-12,6249.08,3152.97,3409.18
2016-12-13,6278.18,3155.04,3405.04
2016-12-14,6239.5,3140.53,3378.95
2016-12-15,6280.4,3117.68,3340.43
2016-12-16,6318.52,3122.98,3346.03
2016-12-19,6320.73,3118.08,3328.98
2016-12-20,6300.64,3102.88,3309.06
2016-12-21,6347.61,3137.43,3338.54
2016-12-22,6341.79,3139.56,3335.67
2016-12-23,6282.0,3110.15,3307.6
2016-12-26,6294.75,3122.57,3322.4
2016-12-27,6288.86,3114.66,3316.39
2016-12-28,6270.24,3102.24,3301.89
2016-12-29,6252.61,3096.1,3297.76
2016-12-30,6263.63,3103.64,3310.08
2017-01-03,6320.76,3135.92,3342.23
2017-01-04,6394.67,3158.79,3368.31
2017-01-05,6399.28,3165.41,3367.79
2017-01-06,6371.62,3154.32,3347.67
2017-01-09,6415.42,3171.24,3363.9
2017-01-10,6393.93,3161.67,3358.27
2017-01-11,6331.96,3136.75,3334.5
2017-01-12,6272.85,3119.29,3317.62
2017-01-13,6194.66,3112.76,3319.91
2017-01-16,6031.24,3103.43,3319.45
2017-01-17,6082.07,3108.77,3326.36
2017-01-18,6068.59,3113.01,3339.37
2017-01-19,6043.68,3101.3,3329.29
2017-01-20,6122.0,3123.14,3354.89
2017-01-23,6172.17,3136.77,3364.08
2017-01-24,6165.26,3142.55,3364.45
2017-01-25,6179.57,3149.55,3375.9
2017-01-26,6223.71,3159.17,3387.96
2017-02-03,6207.09,3140.17,3364.49
2017-02-06,6259.25,3156.98,3373.21
2017-02-07,6255.93,3153.09,3365.68
2017-02-08,6291.6,3166.98,3383.29
2017-02-09,6331.18,3183.18,3396.29
2017-02-10,6337.11,3196.7,3413.49
2017-02-13,6369.65,3216.84,3436.28
2017-02-14,6374.89,3217.93,3435.8
2017-02-15,6311.7,3212.99,3421.71
2017-02-16,6359.34,3229.62,3440.93
2017-02-17,6307.16,3202.08,3421.44
2017-02-20,6385.06,3239.96,3471.39
2017-02-21,6434.44,3253.33,3482.82
2017-02-22,6474.23,3261.22,3489.76
2017-02-23,6473.99,3251.38,3473.32
2017-02-24,6476.17,3253.43,3473.85
2017-02-27,6424.25,3228.66,3446.22
2017-02-28,6450.97,3241.73,3452.81
2017-03-01,6467.64,3246.93,3458.44
2017-03-02,6434.63,3230.03,3435.1
2017-03-03,6452.84,3218.31,3427.86
2017-03-06,6517.32,3233.87,3446.48
2017-03-07,6523.19,3242.41,3453.96
2017-03-08,6497.09,3240.66,3448.73
2017-03-09,6439.38,3216.75,3426.94
2017-03-10,6447.92,3212.76,3427.89
2017-03-13,6507.9,3237.02,3458.1
2017-03-14,6493.48,3239.33,3456.69
2017-03-15,6486.06,3241.76,3463.64
2017-03-16,6543.34,3268.94,3481.51
2017-03-17,6483.25,3237.45,3445.81
2017-03-20,6498.34,3250.81,3449.61
2017-03-21,6515.95,3261.61,3466.35
2017-03-22,6499.79,3245.22,3450.05
2017-03-23,6512.19,3248.55,3461.98
2017-03-24,6546.62,3269.45,3489.6
2017-03-27,6516.03,3266.96,3478.04
2017-03-28,6498.69,3252.95,3469.81
2017-03-29,6480.54,3241.31,3465.19
2017-03-30,6375.74,3210.24,3436.76
2017-03-31,6401.65,3222.51,3456.05
2017-04-05,6539.97,3270.31,3503.89
2017-04-06,6559.65,3281.0,3514.05
2017-04-07,6578.73,3286.62,3517.46
2017-04-10,6566.54,3269.39,3505.14
2017-04-11,6629.17,3288.97,3517.33
2017-04-12,6576.48,3273.83,3509.44
2017-04-13,6615.7,3275.96,3514.57
2017-04-14,6528.16,3246.07,3486.5
2017-04-17,6456.6,3222.17,3479.94
2017-04-18,6418.21,3196.71,3462.74
2017-04-19,6350.65,3170.69,3445.88
2017-04-20,6347.77,3172.1,3461.55
2017-04-21,6300.71,3173.15,3466.79
2017-04-24,6138.5,3129.53,3431.26
2017-04-25,6160.46,3134.57,3440.97
2017-04-26,6176.4,3140.85,3445.18
2017-04-27,6192.3,3152.19,3446.72
2017-04-28,6211.86,3154.66,3439.75
2017-05-02,6216.12,3143.71,3426.58
2017-05-03,6197.48,3135.35,3413.13
2017-05-04,6176.31,3127.37,3404.39
2017-05-05,6089.68,3103.04,3382.55
2017-05-08,5975.54,3078.61,3358.81
2017-05-09,6012.0,3080.53,3352.53
2017-05-10,5885.84,3052.79,3337.7
2017-05-11,5872.64,3061.5,3356.65
2017-05-12,5863.78,3083.51,3385.38
2017-05-15,5893.51,3090.23,3399.19
2017-05-16,6014.73,3112.96,3428.65
2017-05-17,6027.65,3104.44,3409.97
2017-05-18,5976.3,3090.14,3398.11
2017-05-19,5974.98,3090.63,3403.85
2017-05-22,5888.81,3075.68,3411.24
2017-05-23,5764.88,3061.95,3424.19
2017-05-24,5799.25,3064.08,3424.17
2017-05-25,5850.8,3107.83,3485.66
2017-05-26,5836.93,3110.06,3480.43
2017-05-31,5824.1,3117.18,3492.88
2017-06-01,5710.0,3102.62,3497.74
2017-06-02,5772.52,3105.54,3486.51
2017-06-05,5815.8,3091.66,3468.75
2017-06-06,5841.52,3102.13,3492.88
2017-06-07,5955.02,3140.32,3533.87
2017-06-08,5958.98,3150.33,3560.98
2017-06-09,5969.27,3158.4,3576.17
2017-06-12,5902.86,3139.88,3574.39
2017-06-13,5980.06,3153.74,3582.27
2017-06-14,5966.43,3130.67,3535.3
2017-06-15,6021.17,3132.49,3528.79
2017-06-16,6013.0,3123.17,3518.76
2017-06-19,6057.41,3144.37,3553.67
2017-06-20,6066.9,3140.01,3546.49
2017-06-21,6078.19,3156.21,3587.96
2017-06-22,5992.34,3147.45,3590.34
2017-06-23,6010.31,3157.87,3622.88
2017-06-26,6111.64,3185.44,3668.09
2017-06-27,6113.17,3191.2,3674.72
2017-06-28,6086.21,3173.2,3646.17
2017-06-29,6116.99,3188.06,3668.83
2017-06-30,6138.16,3192.43,3666.8
2017-07-03,6177.4,3195.91,3650.85
2017-07-04,6146.85,3182.8,3619.98
2017-07-05,6193.96,3207.13,3659.68
2017-07-06,6201.65,3212.44,3660.1
2017-07-07,6226.01,3217.96,3655.93
2017-07-10,6206.56,3212.63,3653.69
2017-07-11,6128.99,3203.04,3670.81
2017-07-12,6132.99,3197.54,3658.82
2017-07-13,6149.93,3218.16,3686.92
2017-07-14,6128.74,3222.42,3703.09
2017-07-17,5876.46,3176.46,3663.56
2017-07-18,5938.43,3187.57,3667.18
2017-07-19,6059.36,3230.98,3729.75
2017-07-20,6099.28,3244.86,3747.88
2017-07-21,6126.11,3237.98,3728.6
2017-07-24,6167.13,3250.6,3743.47
2017-07-25,6153.6,3243.69,3719.56
2017-07-26,6146.7,3247.67,3705.39
2017-07-27,6184.02,3249.78,3712.19
2017-07-28,6215.46,3253.24,3721.89
2017-07-31,6298.0,3273.03,3737.87
2017-08-01,6286.54,3292.64,3770.38
2017-08-02,6251.86,3285.06,3760.85
2017-08-03,6261.97,3272.93,3727.83
2017-08-04,6225.12,3262.08,3707.58
2017-08-07,6303.42,3279.46,3726.79
2017-08-08,6303.72,3281.87,3732.21
2017-08-09,6340.02,3275.57,3731.04
2017-08-10,6289.22,3261.75,3715.92
2017-08-11,6161.19,3208.54,3647.35
2017-08-14,6292.64,3237.36,3694.68
2017-08-15,6314.76,3251.26,3706.06
2017-08-16,6318.8,3246.45,3701.42
2017-08-17,6366.03,3268.43,3721.28
2017-08-18,6347.76,3268.72,3724.67
2017-08-21,6403.78,3286.91,3740.99
2017-08-22,6375.98,3290.23,3752.3
2017-08-23,6322.78,3287.7,3756.09
2017-08-24,6278.59,3271.51,3734.65
2017-08-25,6346.53,3331.52,3795.75
2017-08-28,6424.58,3362.65,3842.71
2017-08-29,6408.16,3365.23,3834.54
2017-08-30,6453.46,3363.63,3834.3
2017-08-31,6470.43,3360.81,3822.09
2017-09-01,6526.5,3367.12,3830.54
2017-09-04,6564.68,3379.58,3845.62
2017-09-05,6571.86,3384.32,3857.05
2017-09-06,6607.12,3385.39,3849.45
2017-09-07,6558.6,3365.5,3829.87
2017-09-08,6574.18,3365.24,3825.99
2017-09-11,6649.63,3376.42,3825.65
2017-09-12,6644.01,3379.49,3837.93
2017-09-13,6684.38,3384.15,3842.61
2017-09-14,6672.18,3371.43,3829.96
2017-09-15,6622.04,3353.62,3831.3
2017-09-18,6669.45,3362.86,3843.14
2017-09-19,6636.02,3356.84,3832.12
2017-09-20,6692.47,3366.0,3842.44
2017-09-21,6612.05,3357.81,3837.82
2017-09-22,6572.01,3352.53,3837.73
2017-09-25,6489.84,3341.55,3817.79
2017-09-26,6520.72,3343.58,3820.78
2017-09-27,6583.14,3345.27,3821.2
2017-09-28,6567.79,3339.64,3822.54
2017-09-29,6603.26,3348.94,3836.5
2017-10-09,6678.37,3374.38,3882.21
2017-10-10,6705.48,3382.99,3889.86
2017-10-11,6666.47,3388.28,3902.69
2017-10-12,6659.1,3386.1,3912.95
2017-10-13,6709.82,3390.52,3921.0
2017-10-16,6619.21,3378.47,3913.45
2017-10-17,6612.94,3372.04,3913.07
2017-10-18,6563.44,3381.79,3944.16
2017-10-19,6501.4,3370.17,3931.25
2017-10-20,6571.42,3378.65,3926.85
2017-10-23,6612.76,3380.7,3930.8
2017-10-24,6603.0,3388.25,3959.4
2017-10-25,6647.89,3396.9,3976.95
2017-10-26,6671.93,3407.57,3993.58
2017-10-27,6630.81,3416.81,4021.97
2017-10-30,6511.76,3390.34,4009.72
2017-10-31,6560.21,3393.34,4006.72
2017-11-01,6552.95,3395.91,3996.62
2017-11-02,6484.93,3383.31,3997.13
2017-11-03,6426.98,3371.74,3992.7
2017-11-06,6511.1,3388.17,4020.89
2017-11-07,6551.94,3413.57,4054.25
2017-11-08,6561.69,3415.46,4048.01
2017-11-09,6611.35,3427.79,4075.9
2017-11-10,6641.22,3432.67,4111.91
2017-11-13,6671.21,3447.84,4128.07
2017-11-14,6614.51,3429.55,4099.35
2017-11-15,6537.66,3402.52,4073.67
2017-11-16,6558.31,3399.25,4105.01
2017-11-17,6361.94,3382.91,4120.85
2017-11-20,6433.17,3392.4,4143.83
2017-11-21,6456.35,3410.5,4217.7
2017-11-22,6439.44,3430.46,4227.57
2017-11-23,6274.51,3351.92,4102.4
2017-11-24,6278.03,3353.82,4104.2
2017-11-27,6194.55,3322.23,4049.95
2017-11-28,6299.31,3333.66,4055.82
2017-11-29,6318.37,3337.86,4053.75
2017-11-30,6263.42,3317.19,4006.1
2017-12-01,6316.41,3317.62,3998.14
2017-12-04,6279.62,3309.62,4018.86
2017-12-05,6132.91,3303.68,4040.17
2017-12-06,6172.8,3293.96,4015.82
2017-12-07,6135.47,3272.05,3971.06
2017-12-08,6203.14,3289.99,4003.38
2017-12-11,6286.17,3322.2,4069.5
2017-12-12,6233.21,3280.81,4016.02
2017-12-13,6277.44,3303.04,4050.09
2017-12-14,6284.08,3292.44,4026.15
2017-12-15,6235.76,3266.14,3980.86
2017-12-18,6199.99,3267.92,3985.29
2017-12-19,6251.24,3296.54,4035.33
2017-12-20,6199.36,3287.61,4030.49
2017-12-21,6238.5,3300.06,4067.85
2017-12-22,6242.88,3297.06,4054.6
2017-12-25,6185.59,3280.46,4041.54
2017-12-26,6220.15,3306.12,4053.62
2017-12-27,6173.15,3275.78,3991.21
2017-12-28,6204.27,3296.38,4018.9
2017-12-29,6250.82,3307.17,4030.85
2018-01-02,6332.23,3348.33,4087.4
2018-01-03,6388.25,3369.11,4111.39
2018-01-04,6417.54,3385.71,4128.81
2018-01-05,6417.25,3391.75,4138.75
2018-01-08,6446.18,3409.48,4160.16
2018-01-09,6445.75,3413.9,4189.3
2018-01-10,6405.94,3421.83,4207.81
2018-01-11,6425.94,3425.34,4205.59
2018-01-12,6399.37,3428.94,4225.0
2018-01-15,6253.38,3410.49,4225.24
2018-01-16,6301.13,3436.59,4258.47
2018-01-17,6267.46,3444.67,4248.12
2018-01-18,6286.8,3474.75,4271.42
2018-01-19,6272.38,3487.86,4285.4
2018-01-22,6347.64,3501.36,4336.6
2018-01-23,6355.0,3546.5,4382.61
2018-01-24,6394.3,3559.47,4389.89
2018-01-25,6382.72,3548.31,4365.08
2018-01-26,6383.63,3558.13,4381.3
2018-01-29,6309.88,3523.0,4302.02
2018-01-30,6313.44,3488.01,4256.1
2018-01-31,6189.34,3480.83,4275.9
2018-02-01,5984.74,3446.98,4245.9
2018-02-02,6004.85,3462.08,4271.23
2018-02-05,5998.22,3487.5,4274.15
2018-02-06,5704.26,3370.65,4148.89
2018-02-07,5711.33,3309.26,4050.5
2018-02-08,5766.48,3262.05,4012.05
2018-02-09,5554.9,3129.85,3840.65
2018-02-12,5699.1,3154.13,3890.1
2018-02-13,5736.95,3184.96,3935.63
2018-02-14,5754.83,3199.16,3966.96
2018-02-22,5875.73,3268.56,4052.73
2018-02-23,5897.68,3289.02,4071.09
2018-02-26,6029.68,3329.57,4118.42
2018-02-27,6010.56,3292.07,4058.98
2018-02-28,6023.68,3259.41,4023.64
2018-03-01,6090.22,3273.75,4049.09
2018-03-02,6056.34,3254.53,4016.46
2018-03-05,6064.1,3256.93,4018.1
2018-03-06,6145.58,3289.64,4066.56
2018-03-07,6086.49,3271.67,4036.65
2018-03-08,6131.51,3288.41,4077.6
2018-03-09,6206.98,3307.17,4108.87
2018-03-12,6295.78,3326.7,4127.67
2018-03-13,6254.15,3310.24,4091.25
2018-03-14,6189.32,3291.38,4073.34
2018-03-15,6180.11,3291.11,4096.16
2018-03-16,6146.31,3269.88,4056.42
2018-03-19,6153.83,3279.25,4074.25
2018-03-20,6173.7,3290.64,4077.7
2018-03-21,6129.2,3280.95,4061.05
2018-03-22,6101.23,3263.48,4020.35
2018-03-23,5787.15,3152.76,3904.94
2018-03-26,5902.96,3133.72,3879.89
2018-03-27,6034.78,3166.65,3913.27
2018-03-28,5973.34,3122.29,3842.72
2018-03-29,6034.86,3160.53,3894.05
2018-03-30,6114.74,3168.9,3898.5
2018-04-02,6121.96,3163.18,3886.92
2018-04-03,6059.71,3136.63,3862.48
2018-04-04,6017.69,3131.11,3854.86
2018-04-09,6025.65,3138.29,3852.93
2018-04-10,6063.74,3190.32,3927.17
2018-04-11,6086.61,3208.08,3938.34
2018-04-12,6051.33,3180.16,3898.64
2018-04-13,6027.19,3159.05,3871.14
2018-04-16,6012.41,3110.65,3808.86
2018-04-17,5890.86,3066.8,3748.64
2018-04-18,5970.66,3091.4,3766.28
2018-04-19,6004.73,3117.38,3811.84
2018-04-20,5880.84,3071.54,3760.85
2018-04-23,5823.92,3068.01,3766.33
2018-04-24,5957.19,3128.93,3843.49
2018-04-25,5959.42,3117.97,3828.7
2018-04-26,5847.98,3075.03,3755.49
2018-04-27,5860.98,3082.23,3756.88
2018-05-02,5855.32,3081.18,3763.65
2018-05-03,5910.61,3100.86,3793.0
2018-05-04,5909.29,3091.03,3774.6
2018-05-07,6019.14,3136.64,3834.19
2018-05-08,6041.81,3161.5,3878.68
2018-05-09,6029.23,3159.15,3871.62
2018-05-10,6040.57,3174.41,3893.06
2018-05-11,5991.34,3163.26,3872.84
2018-05-14,5967.55,3174.03,3909.29
2018-05-15,6020.57,3192.12,3924.1
2018-05-16,6004.07,3169.57,3892.84
2018-05-17,5973.78,3154.28,3864.05
2018-05-18,5995.15,3193.3,3903.06
2018-05-21,6072.2,3213.84,3921.24
2018-05-22,6092.91,3214.35,3906.21
2018-05-23,6013.85,3168.96,3854.58
2018-05-24,5992.62,3154.65,3827.22
2018-05-25,5917.8,3141.3,3816.5
2018-05-28,5891.26,3135.08,3833.26
2018-05-29,5835.45,3120.46,3804.01
2018-05-30,5682.59,3041.44,3723.37
2018-05-31,5754.47,3095.47,3802.38
2018-06-01,5685.12,3075.14,3770.59
2018-06-04,5683.15,3091.19,3807.58
2018-06-05,5779.08,3114.21,3845.32
2018-06-06,5774.26,3115.18,3837.35
2018-06-07,5738.02,3109.5,3831.01
2018-06-08,5669.3,3067.15,3779.62
2018-06-11,5632.36,3052.78,3779.98
2018-06-12,5693.35,3079.8,3825.95
2018-06-13,5607.02,3049.8,3788.34
2018-06-14,5586.93,3044.16,3773.37
2018-06-15,5483.94,3021.9,3753.43
2018-06-18,5483.95,3021.9,3753.43
2018-06-19,5141.71,2907.82,3621.12
2018-06-20,5198.39,2915.73,3635.44
2018-06-21,5089.25,2875.81,3592.97
2018-06-22,5160.12,2889.76,3608.9
2018-06-25,5125.03,2859.34,3560.48
2018-06-26,5160.28,2844.51,3531.11
2018-06-27,5109.5,2813.18,3459.26
2018-06-28,5055.11,2786.9,3423.53
2018-06-29,5217.76,2847.42,3510.98
2018-07-02,5138.78,2775.56,3407.96
2018-07-03,5197.13,2786.89,3409.28
2018-07-04,5121.34,2759.13,3363.75
2018-07-05,4982.76,2733.88,3342.44
2018-07-06,4996.63,2747.23,3365.12
2018-07-09,5107.55,2815.11,3459.18
2018-07-10,5136.53,2827.63,3467.52
2018-07-11,5036.16,2777.77,3407.53
2018-07-12,5172.5,2837.66,3481.06
2018-07-13,5204.19,2831.18,3492.69
2018-07-16,5195.2,2814.04,3472.09
2018-07-17,5196.2,2798.13,3449.38
2018-07-18,5156.64,2787.26,3431.32
2018-07-19,5111.33,2772.55,3428.34
2018-07-20,5175.25,2829.27,3492.89
2018-07-23,5214.0,2859.54,3525.75
2018-07-24,5304.64,2905.56,3581.71
2018-07-25,5308.66,2903.65,3577.75
2018-07-26,5273.48,2882.23,3536.25
2018-07-27,5249.29,2873.59,3521.23
2018-07-30,5185.15,2869.05,3515.08
2018-07-31,5188.72,2876.4,3517.66
2018-08-01,5105.37,2824.53,3447.39
2018-08-02,4996.01,2768.02,3370.96
2018-08-03,4929.75,2740.44,3315.28
2018-08-06,4825.25,2705.16,3273.27
2018-08-07,4956.87,2779.37,3368.87
2018-08-08,4880.57,2744.07,3314.51
2018-08-09,5004.77,2794.38,3397.53
2018-08-10,5030.51,2795.31,3405.02
2018-08-13,5055.28,2785.87,3390.34
2018-08-14,5037.88,2780.96,3372.91
2018-08-15,4932.81,2723.26,3291.98
2018-08-16,4888.37,2705.19,3276.73
2018-08-17,4803.03,2668.97,3229.62
2018-08-20,4832.65,2698.47,3267.25
2018-08-21,4891.98,2733.83,3326.65
2018-08-22,4837.02,2714.61,3307.95
2018-08-23,4863.67,2724.62,3320.03
2018-08-24,4852.29,2729.43,3325.33
2018-08-27,4960.07,2780.9,3406.57
2018-08-28,4974.21,2777.98,3400.17
2018-08-29,4941.96,2769.29,3386.57
2018-08-30,4867.12,2737.74,3351.09
2018-08-31,4814.82,2725.25,3334.5
2018-09-03,4838.87,2720.73,3321.82
2018-09-04,4890.28,2750.58,3363.9
2018-09-05,4815.03,2704.34,3298.14
2018-09-06,4793.35,2691.59,3262.88
2018-09-07,4791.78,2702.3,3277.64
2018-09-10,4704.88,2669.48,3230.07
2018-09-11,4702.9,2664.8,3224.21
2018-09-12,4693.97,2656.11,3202.02
2018-09-13,4721.21,2686.58,3236.57
2018-09-14,4670.08,2681.64,3242.09
2018-09-17,4602.39,2651.79,3204.92
2018-09-18,4683.51,2699.95,3269.43
2018-09-19,4736.89,2730.85,3312.48
2018-09-20,4733.48,2729.24,3310.13
2018-09-21,4805.22,2797.48,3410.49
2018-09-25,4792.55,2781.14,3379.8
2018-09-26,4815.63,2806.81,3417.24
2018-09-27,4755.38,2791.77,3403.59
2018-09-28,4800.73,2821.35,3438.86
2018-10-08,4646.49,2716.51,3290.9
2018-10-09,4634.89,2721.01,3288.69
2018-10-10,4629.89,2725.84,3281.6
2018-10-11,4307.42,2583.46,3124.11
2018-10-12,4278.04,2606.91,3170.73
2018-10-15,4199.15,2568.1,3126.45
2018-10-16,4099.68,2546.33,3100.97
2018-10-17,4133.38,2561.61,3118.25
2018-10-18,4018.46,2486.42,3044.39
2018-10-19,4127.99,2550.47,3134.95
2018-10-22,4333.14,2654.88,3270.27
2018-10-23,4253.56,2594.83,3183.43
2018-10-24,4245.49,2603.3,3188.2
2018-10-25,4234.42,2603.8,3194.31
2018-10-26,4233.96,2598.85,3173.64
2018-10-29,4162.53,2542.1,3076.89
2018-10-30,4204.54,2568.05,3110.26
2018-10-31,4272.55,2602.78,3153.82
2018-11-01,4298.98,2606.24,3177.03
2018-11-02,4437.95,2676.48,3290.25
2018-11-05,4440.83,2665.43,3262.84
2018-11-06,4438.1,2659.36,3243.15
2018-11-07,4415.14,2641.34,3221.91
2018-11-08,4382.33,2635.63,3212.77
2018-11-09,4368.61,2598.87,3167.44
2018-11-12,4481.69,2630.52,3205.14
2018-11-13,4563.54,2654.88,3237.38
2018-11-14,4545.51,2632.24,3204.94
2018-11-15,4619.81,2668.17,3242.37
2018-11-16,4659.1,2679.11,3257.67
2018-11-19,4670.74,2703.51,3294.6
2018-11-20,4537.45,2645.85,3218.41
2018-11-21,4554.67,2651.51,3226.49
2018-11-22,4551.33,2645.43,3214.43
2018-11-23,4374.76,2579.48,3143.48
2018-11-26,4367.46,2575.81,3141.24
2018-11-27,4387.65,2574.68,3137.24
2018-11-28,4441.86,2601.74,3178.93
2018-11-29,4345.7,2567.44,3137.65
2018-11-30,4376.65,2588.19,3172.69
2018-12-03,4515.17,2654.8,3260.95
2018-12-04,4536.21,2665.96,3267.71
2018-12-05,4502.7,2649.81,3252.0
2018-12-06,4411.09,2605.18,3181.67
2018-12-07,4410.96,2605.89,3181.56
2018-12-10,4359.31,2584.58,3144.76
2018-12-11,4395.57,2594.09,3159.82
2018-12-12,4393.32,2602.15,3170.61
2018-12-13,4443.16,2634.05,3219.69
2018-12-14,4337.1,2593.74,3165.91
2018-12-17,4330.65,2597.97,3161.2
2018-12-18,4307.27,2576.65,3128.43
2018-12-19,4247.9,2549.56,3091.13
2018-12-20,4259.76,2536.27,3067.42
2018-12-21,4231.14,2516.25,3029.4
2018-12-24,4274.72,2527.01,3038.2
2018-12-25,4225.51,2504.82,3017.28
2018-12-26,4208.41,2498.29,3002.03
2018-12-27,4161.27,2483.09,2990.51
2018-12-28,4168.04,2493.9,3010.65
2019-01-02,4131.96,2465.29,2969.54
2019-01-03,4112.81,2464.36,2964.84
2019-01-04,4210.88,2514.87,3035.87
2019-01-07,4288.32,2533.09,3054.3
2019-01-08,4277.3,2526.46,3047.7
2019-01-09,4288.77,2544.34,3078.48
2019-01-10,4281.86,2535.1,3072.69
2019-01-11,4314.88,2553.83,3094.78
2019-01-14,4286.55,2535.77,3067.78
2019-01-15,4347.36,2570.34,3127.99
2019-01-16,4336.88,2570.42,3128.65
2019-01-17,4303.73,2559.64,3111.42
2019-01-18,4347.81,2596.01,3168.17
2019-01-21,4373.63,2610.51,3185.64
2019-01-22,4308.25,2579.7,3143.32
2019-01-23,4315.68,2581.0,3141.05
2019-01-24,4338.17,2591.69,3158.78
2019-01-25,4318.44,2601.72,3184.47
2019-01-28,4307.22,2596.98,3183.78
2019-01-29,4254.29,2594.25,3193.97
2019-01-30,4211.62,2575.58,3168.48
2019-01-31,4176.47,2584.57,3201.63
2019-02-01,4294.27,2618.23,3247.4
2019-02-11,4402.87,2653.9,3306.47
2019-02-12,4439.49,2671.89,3330.34
2019-02-13,4512.41,2721.07,3397.03
2019-02-14,4532.17,2719.7,3402.14
2019-02-15,4502.73,2682.39,3338.7
2019-02-18,4661.0,2754.36,3445.74
2019-02-19,4667.28,2755.65,3439.61
2019-02-20,4667.62,2761.22,3451.93
2019-02-21,4659.14,2751.8,3442.71
2019-02-22,4777.3,2804.23,3520.12
2019-02-25,5044.35,2961.28,3729.48
2019-02-26,5038.54,2941.52,3684.69
2019-02-27,5017.88,2953.82,3678.39
2019-02-28,5025.29,2940.95,3669.37
2019-03-01,5067.23,2994.01,3749.71
2019-03-04,5158.25,3027.58,3794.1
2019-03-05,5295.29,3054.25,3816.01
2019-03-06,5390.03,3102.1,3848.09
2019-03-07,5458.62,3106.42,3808.85
2019-03-08,5245.7,2969.86,3657.58
2019-03-11,5456.38,3026.99,3729.95
2019-03-12,5551.0,3060.31,3755.35
2019-03-13,5424.86,3026.95,3724.19
2019-03-14,5298.5,2990.69,3698.49
2019-03-15,5359.01,3021.75,3745.01
2019-03-18,5501.18,3096.42,3851.75
2019-03-19,5522.18,3090.98,3833.96
2019-03-20,5515.79,3090.64,3835.44
2019-03-21,5589.48,3101.46,3836.89
2019-03-22,5622.14,3104.15,3833.8
2019-03-25,5549.67,3043.03,3742.83
2019-03-26,5394.88,2997.1,3700.44
2019-03-27,5447.88,3022.72,3743.39
2019-03-28,5370.12,2994.94,3728.4
2019-03-29,5547.66,3090.76,3872.34
2019-04-01,5757.84,3170.36,3973.93
2019-04-02,5775.55,3176.82,3971.29
2019-04-03,5836.04,3216.3,4022.16
2019-04-04,5871.56,3246.57,4062.23
2019-04-08,5847.63,3244.81,4057.23
2019-04-09,5858.05,3239.66,4075.43
2019-04-10,5850.76,3241.93,4085.85
2019-04-11,5727.17,3189.96,3997.58
2019-04-12,5714.37,3188.63,3988.62
2019-04-15,5655.98,3177.79,3975.52
2019-04-16,5777.01,3253.6,4085.79
2019-04-17,5807.73,3263.12,4087.24
2019-04-18,5775.17,3250.2,4072.08
2019-04-19,5810.18,3270.8,4120.61
2019-04-22,5723.04,3215.04,4025.61
2019-04-23,5628.06,3198.59,4019.01
2019-04-24,5679.73,3201.61,4030.09
2019-04-25,5458.42,3123.83,3941.82
2019-04-26,5408.03,3086.4,3889.27
2019-04-29,5265.6,3062.5,3900.33
2019-04-30,5307.56,3078.34,3913.21
2019-05-06,4908.8,2906.46,3684.62
2019-05-07,4973.4,2926.39,3720.67
2019-05-08,4947.74,2893.76,3667.46
2019-05-09,4888.41,2850.95,3599.7
2019-05-10,5064.32,2939.21,3730.45
2019-05-13,5005.9,2903.71,3668.73
2019-05-14,4965.61,2883.61,3645.15
2019-05-15,5076.56,2938.68,3727.09
2019-05-16,5108.36,2955.71,3743.96
2019-05-17,4942.58,2882.3,3648.76
2019-05-20,4923.56,2870.6,3617.79
2019-05-21,5009.87,2905.97,3666.78
2019-05-22,4976.39,2891.7,3649.38
2019-05-23,4872.92,2852.52,3583.96
2019-05-24,4841.76,2852.99,3593.91
2019-05-27,4962.95,2892.38,3637.2
2019-05-28,4955.49,2909.91,3672.26
2019-05-29,4956.86,2914.7,3663.91
2019-05-30,4926.4,2905.81,3641.18
2019-05-31,4912.0,2898.7,3629.79
2019-06-03,4853.82,2890.08,3632.01
2019-06-04,4795.41,2862.28,3598.47
2019-06-05,4783.82,2861.42,3597.11
2019-06-06,4678.78,2827.8,3564.68
2019-06-10,4725.26,2852.13,3610.74
2019-06-11,4901.47,2925.72,3719.28
2019-06-12,4863.49,2909.38,3691.1
2019-06-13,4877.65,2910.74,3685.39
2019-06-14,4795.53,2881.97,3654.88
2019-06-17,4802.82,2887.62,3654.82
2019-06-18,4797.15,2890.16,3667.62
2019-06-19,4858.92,2917.8,3715.94
2019-06-20,4954.73,2987.12,3828.52
2019-06-21,5021.31,3001.98,3833.94
2019-06-24,5024.2,3008.15,3841.27
2019-06-25,4974.99,2982.07,3801.31
2019-06-26,4962.59,2976.28,3794.33
2019-06-27,5007.48,2996.79,3834.82
2019-06-28,4950.48,2978.88,3825.59
2019-07-01,5100.26,3044.9,3935.81
2019-07-02,5084.41,3043.94,3937.17
2019-07-03,5040.72,3015.26,3893.53
2019-07-04,5025.02,3005.25,3873.1
2019-07-05,5042.66,3011.06,3893.2
2019-07-08,4870.78,2933.36,3802.79
2019-07-09,4881.62,2928.23,3793.13
2019-07-10,4843.86,2915.3,3786.74
2019-07-11,4844.55,2917.76,3785.22
2019-07-12,4861.57,2930.55,3808.73
2019-07-15,4925.32,2942.19,3824.19
2019-07-16,4932.05,2937.62,3806.84
2019-07-17,4929.09,2931.69,3804.64
2019-07-18,4844.11,2901.18,3768.4
2019-07-19,4878.69,2924.2,3807.96
2019-07-22,4776.57,2886.97,3781.68
2019-07-23,4823.92,2899.94,3789.91
2019-07-24,4873.03,2923.28,3819.83
2019-07-25,4891.64,2937.36,3851.07
2019-07-26,4898.11,2944.54,3858.57
2019-07-29,4897.02,2941.01,3854.27
2019-07-30,4922.92,2952.34,3870.32
2019-07-31,4903.2,2932.51,3835.36
2019-08-01,4870.47,2908.77,3803.47
2019-08-02,4809.92,2867.84,3747.44
2019-08-05,4751.98,2821.5,3675.69
2019-08-06,4650.56,2777.56,3636.33
2019-08-07,4626.36,2768.68,3621.43
2019-08-08,4656.1,2794.55,3669.29
2019-08-09,4600.35,2774.75,3633.53
2019-08-12,4685.05,2814.99,3699.1
2019-08-13,4658.39,2797.26,3665.75
2019-08-14,4683.84,2808.91,3682.4
2019-08-15,4706.55,2815.8,3694.0
2019-08-16,4722.66,2823.82,3710.54
2019-08-19,4875.04,2883.1,3791.09
2019-08-20,4872.61,2880.0,3787.73
2019-08-21,4882.72,2880.33,3781.76
2019-08-22,4887.91,2883.44,3793.51
2019-08-23,4887.9,2897.43,3820.86
2019-08-26,4855.46,2863.57,3765.91
2019-08-27,4936.12,2902.19,3816.95
2019-08-28,4928.19,2893.76,3802.58
2019-08-29,4934.18,2890.92,3790.19
2019-08-30,4886.49,2886.24,3799.59
2019-09-02,5008.3,2924.11,3848.32
2019-09-03,5044.18,2930.15,3853.61
2019-09-04,5093.27,2957.41,3886.0
2019-09-05,5138.41,2985.86,3925.32
2019-09-06,5154.64,2999.6,3948.51
2019-09-09,5263.46,3024.74,3972.95
2019-09-10,5245.31,3021.2,3959.27
2019-09-11,5217.29,3008.81,3930.1
2019-09-12,5242.61,3031.24,3972.38
2019-09-16,5250.34,3030.75,3957.72
2019-09-17,5140.45,2978.12,3891.22
2019-09-18,5141.04,2985.66,3910.08
2019-09-19,5191.67,2999.28,3924.38
2019-09-20,5204.48,3006.45,3935.65
2019-09-23,5171.48,2977.08,3890.66
2019-09-24,5180.74,2985.34,3901.08
2019-09-25,5087.01,2955.43,3870.98
2019-09-26,4970.24,2929.09,3841.14
2019-09-27,5005.63,2932.17,3852.65
2019-09-30,4940.9,2905.19,3814.53
2019-10-08,4941.76,2913.57,3837.68
2019-10-09,4982.95,2924.86,3843.24
2019-10-10,5046.36,2947.71,3874.64
2019-10-11,5055.52,2973.66,3911.73
2019-10-14,5131.13,3007.88,3953.24
2019-10-15,5061.0,2991.05,3936.25
2019-10-16,5038.36,2978.71,3922.69
2019-10-17,5029.85,2977.33,3925.22
2019-10-18,4961.81,2938.14,3869.38
2019-10-21,4951.04,2939.62,3880.84
2019-10-22,5005.55,2954.38,3895.88
2019-10-23,4967.19,2941.62,3871.08
2019-10-24,4958.25,2940.92,3870.67
2019-10-25,4994.57,2954.93,3896.79
2019-10-28,5084.47,2980.05,3926.59
2019-10-29,5007.71,2954.18,3910.23
2019-10-30,4947.9,2939.32,3891.23
2019-10-31,4917.42,2929.06,3886.75
2019-11-01,4962.35,2958.2,3952.39
2019-11-04,4987.84,2975.49,3978.12
2019-11-05,5025.3,2991.56,4002.81
2019-11-06,4974.73,2978.6,3984.88
2019-11-07,5007.07,2978.71,3991.87
2019-11-08,4988.29,2964.18,3973.01
2019-11-11,4876.16,2909.97,3902.98
2019-11-12,4881.61,2914.82,3903.69
2019-11-13,4875.54,2905.24,3899.98
2019-11-14,4912.11,2909.87,3905.86
2019-11-15,4868.44,2891.34,3877.09
2019-11-18,4892.46,2909.2,3907.93
2019-11-19,4975.11,2933.99,3947.04
2019-11-20,4946.28,2911.05,3907.86
2019-11-21,4945.72,2903.64,3889.6
2019-11-22,4904.08,2885.29,3849.99
2019-11-25,4901.5,2906.17,3878.21
2019-11-26,4882.16,2907.06,3891.65
2019-11-27,4904.26,2903.19,3875.62
2019-11-28,4889.26,2889.69,3862.3
2019-11-29,4894.94,2871.98,3828.67
2019-12-02,4905.42,2875.81,3836.06
2019-12-03,4926.45,2884.7,3851.09
2019-12-04,4920.67,2878.12,3849.82
2019-12-05,4967.6,2899.47,3879.36
2019-12-06,5010.51,2912.01,3902.39
2019-12-09,5024.6,2914.48,3895.45
2019-12-10,5049.05,2917.32,3900.38
2019-12-11,5027.28,2924.42,3902.75
2019-12-12,5012.0,2915.7,3891.02
2019-12-13,5073.69,2967.68,3968.22
2019-12-16,5166.04,2984.39,3987.55
2019-12-17,5236.06,3022.42,4041.8
2019-12-18,5235.12,3017.04,4032.78
2019-12-19,5241.74,3017.07,4027.15
2019-12-20,5184.68,3004.94,4017.25
2019-12-23,5084.35,2962.75,3967.1
2019-12-24,5162.07,2982.68,3992.96
2019-12-25,5183.1,2981.88,3990.87
2019-12-26,5219.14,3007.35,4025.99
2019-12-27,5179.19,3005.04,4022.03
2019-12-30,5241.94,3040.02,4081.63
2019-12-31,5267.66,3050.12,4096.58
2020-01-02,5366.14,3085.2,4152.24
2020-01-03,5380.64,3083.79,4144.96
2020-01-06,5434.85,3083.41,4129.3
2020-01-07,5499.84,3104.8,4160.23
2020-01-08,5423.8,3066.89,4112.32
2020-01-09,5497.54,3094.88,4164.37
2020-01-10,5480.23,3092.29,4163.18
2020-01-13,5559.63,3115.57,4203.99
2020-01-14,5542.33,3106.82,4189.89
2020-01-15,5530.03,3090.04,4166.73
2020-01-16,5527.67,3074.08,4149.04
2020-01-17,5510.05,3075.5,4154.85
2020-01-20,5587.54,3095.79,4185.83
2020-01-21,5523.94,3052.14,4114.31
2020-01-22,5575.51,3060.75,4131.93
2020-01-23,5377.74,2976.53,4003.9
2020-02-03,4910.9,2746.61,3688.36
2020-02-04,4996.47,2783.29,3785.64
2020-02-05,5123.96,2818.09,3828.53
2020-02-06,5282.89,2866.51,3899.78
2020-02-07,5327.04,2875.96,3899.87
2020-02-10,5388.43,2890.49,3916.01
2020-02-11,5361.28,2901.67,3952.46
2020-02-12,5459.95,2926.9,3984.43
2020-02-13,5412.84,2906.07,3959.92
2020-02-14,5420.8,2917.01,3987.73
2020-02-17,5594.44,2983.62,4077.42
2020-02-18,5660.81,2984.97,4057.51
2020-02-19,5603.26,2975.4,4051.31
2020-02-20,5706.71,3030.15,4144.66
2020-02-21,5784.03,3039.67,4149.49
2020-02-24,5865.47,3031.23,4132.84
2020-02-25,5897.72,3013.05,4123.85
2020-02-26,5743.39,2987.93,4073.02
2020-02-27,5753.73,2991.33,4084.88
2020-02-28,5451.29,2880.3,3940.05
2020-03-02,5656.42,2970.93,4069.67
2020-03-03,5710.02,2992.9,4091.36
2020-03-04,5716.51,3011.67,4115.05
2020-03-05,5801.12,3071.68,4206.73
2020-03-06,5763.86,3034.51,4138.51
2020-03-09,5525.82,2943.29,3997.13
2020-03-10,5675.11,2996.76,4082.73
2020-03-11,5589.53,2968.52,4028.43
2020-03-12,5493.88,2923.49,3950.91
2020-03-13,5457.2,2887.43,3895.31
2020-03-16,5200.11,2789.25,3727.84
2020-03-17,5212.06,2779.64,3709.68
2020-03-18,5119.47,2728.76,3636.26
2020-03-19,5157.82,2702.13,3589.09
2020-03-20,5219.28,2745.62,3653.22
2020-03-23,4998.91,2660.17,3530.31
2020-03-24,5096.04,2722.44,3625.11
2020-03-25,5217.42,2781.59,3722.52
2020-03-26,5166.11,2764.91,3698.05
2020-03-27,5137.34,2772.2,3710.06
2020-03-30,5027.49,2747.21,3674.11
2020-03-31,5041.45,2750.3,3686.16
2020-04-01,5019.22,2734.52,3675.08
2020-04-02,5147.2,2780.64,3734.53
2020-04-03,5107.04,2763.99,3713.22
2020-04-07,5267.07,2820.76,3798.02
2020-04-08,5271.8,2815.37,3780.34
2020-04-09,5322.46,2825.9,3792.81
2020-04-10,5208.51,2796.63,3769.18
2020-04-13,5169.18,2783.05,3753.26
2020-04-14,5288.59,2827.28,3825.7
2020-04-15,5268.75,2811.17,3797.36
2020-04-16,5316.97,2819.94,3802.38
2020-04-17,5318.45,2838.49,3839.49
2020-04-20,5381.79,2852.55,3853.46
2020-04-21,5343.88,2827.01,3808.05
2020-04-22,5387.62,2843.98,3839.38
2020-04-23,5357.79,2838.5,3829.75
2020-04-24,5273.55,2808.53,3796.97
2020-04-27,5265.72,2815.49,3822.77
2020-04-28,5227.85,2810.02,3849.15
2020-04-29,5226.81,2822.44,3867.03
2020-04-30,5353.86,2860.08,3912.58
2020-05-06,5451.32,2878.14,3936.25
2020-05-07,5445.75,2871.52,3924.89
2020-05-08,5507.7,2895.34,3963.62
2020-05-11,5496.19,2894.8,3960.18
2020-05-12,5512.46,2891.56,3960.24
2020-05-13,5536.28,2898.05,3968.25
2020-05-14,5487.11,2870.34,3925.22
2020-05-15,5507.93,2868.46,3912.82
2020-05-18,5478.82,2875.42,3922.91
2020-05-19,5547.88,2898.58,3956.25
2020-05-20,5489.7,2883.74,3935.22
2020-05-21,5426.17,2867.92,3913.79
2020-05-22,5328.23,2813.77,3824.06
2020-05-25,5316.6,2817.97,3829.32
2020-05-26,5420.21,2846.55,3872.77
2020-05-27,5369.5,2836.8,3845.61
2020-05-28,5361.17,2846.22,3856.63
2020-05-29,5406.34,2852.35,3867.02
2020-06-01,5569.48,2915.43,3971.34
2020-06-02,5566.44,2921.4,3983.57
2020-06-03,5572.31,2923.37,3983.65
2020-06-04,5576.75,2919.25,3982.19
2020-06-05,5585.42,2930.8,4001.25
2020-06-08,5575.3,2937.77,4021.95
2020-06-09,5610.38,2956.11,4047.03
2020-06-10,5615.24,2943.75,4039.71
2020-06-11,5589.1,2920.9,3995.88
2020-06-12,5591.49,2919.74,4003.08
2020-06-15,5590.64,2890.03,3954.99
2020-06-16,5695.3,2931.75,4014.57
2020-06-17,5735.42,2935.87,4017.59
2020-06-18,5734.4,2939.32,4044.38
2020-06-19,5787.15,2967.63,4098.71
2020-06-22,5784.03,2965.27,4102.05
2020-06-23,5804.34,2970.62,4121.79
2020-06-24,5789.09,2979.55,4138.99
2020-06-29,5762.44,2961.52,4109.72
2020-06-30,5864.42,2984.67,4163.96
2020-07-01,5881.89,3025.98,4247.78
2020-07-02,5975.28,3090.57,4335.84
2020-07-03,6051.51,3152.81,4419.6
2020-07-06,6299.86,3332.88,4670.09
2020-07-07,6380.03,3345.34,4698.13
2020-07-08,6535.42,3403.44,4774.0
2020-07-09,6693.75,3450.59,4840.77
2020-07-10,6676.44,3383.32,4753.13
2020-07-13,6899.52,3443.29,4852.96
2020-07-14,6807.73,3414.62,4806.69
2020-07-15,6638.84,3361.3,4744.47
2020-07-16,6320.0,3210.1,4516.25
2020-07-17,6344.59,3214.13,4544.7
2020-07-20,6526.83,3314.15,4680.3
2020-07-21,6563.32,3320.89,4691.04
2020-07-22,6620.69,3333.16,4714.45
2020-07-23,6620.09,3325.11,4712.44
2020-07-24,6283.98,3196.77,4505.59
2020-07-27,6298.74,3205.23,4528.45
2020-07-28,6359.66,3227.96,4568.26
2020-07-29,6530.27,3294.55,4679.01
2020-07-30,6511.44,3286.82,4656.15
2020-07-31,6579.67,3310.01,4695.05
2020-08-03,6739.81,3367.97,4771.31
2020-08-04,6697.71,3371.69,4775.8
2020-08-05,6772.84,3377.56,4777.11
2020-08-06,6770.3,3386.46,4762.76
2020-08-07,6688.88,3354.04,4707.93
2020-08-10,6725.3,3379.25,4724.87
2020-08-11,6600.85,3340.29,4681.78
2020-08-12,6528.4,3319.27,4647.64
2020-08-13,6552.66,3320.73,4635.71
2020-08-14,6623.56,3360.1,4704.63
2020-08-17,6744.55,3438.8,4815.23
2020-08-18,6789.4,3451.09,4812.76
2020-08-19,6666.27,3408.13,4740.68
2020-08-20,6593.79,3363.9,4679.15
2020-08-21,6643.94,3380.68,4718.84
2020-08-24,6688.96,3385.64,4755.85
2020-08-25,6652.55,3373.58,4761.95
2020-08-26,6525.88,3329.74,4706.13
2020-08-27,6578.79,3350.11,4731.35
2020-08-28,6691.21,3403.81,4844.27
2020-08-31,6668.43,3395.68,4816.22
2020-09-01,6710.46,3410.61,4842.12
2020-09-02,6717.56,3404.8,4843.89
2020-09-03,6662.25,3384.98,4817.1
2020-09-04,6618.58,3355.37,4770.22
2020-09-07,6478.81,3292.59,4669.37
2020-09-08,6525.1,3316.42,4694.39
2020-09-09,6349.22,3254.63,4584.59
2020-09-10,6235.57,3234.82,4581.98
2020-09-11,6311.97,3260.35,4627.28
2020-09-14,6351.24,3278.81,4651.05
2020-09-15,6387.88,3295.68,4688.48
2020-09-16,6353.84,3283.92,4657.36
2020-09-17,6367.02,3270.44,4632.71
2020-09-18,6469.47,3338.09,4737.09
2020-09-21,6445.96,3316.94,4691.43
2020-09-22,6358.65,3274.3,4635.76
2020-09-23,6392.03,3279.71,4652.33
2020-09-24,6244.64,3223.18,4563.07
2020-09-25,6236.89,3219.42,4570.02
2020-09-28,6178.47,3217.53,4581.91
2020-09-29,6228.77,3224.36,4591.8
2020-09-30,6192.5,3218.05,4587.4
2020-10-09,6357.97,3272.08,4681.14
2020-10-12,6541.18,3358.47,4823.16
2020-10-13,6551.4,3359.75,4839.2
2020-10-14,6508.37,3340.78,4807.1
2020-10-15,6460.04,3332.18,4798.74
2020-10-16,6428.68,3336.36,4791.68
2020-10-19,6358.32,3312.67,4755.49
2020-10-20,6423.11,3328.1,4793.47
2020-10-21,6350.01,3325.02,4792.83
2020-10-22,6317.14,3312.5,4777.98
2020-10-23,6213.26,3278.0,4718.49
2020-10-26,6214.38,3251.12,4691.24
2020-10-27,6221.34,3254.32,4699.28
2020-10-28,6246.0,3269.24,4737.27
2020-10-29,6255.19,3272.73,4772.92
2020-10-30,6111.48,3224.53,4695.33
2020-11-02,6143.12,3225.12,4720.83
2020-11-03,6241.77,3271.07,4777.56
2020-11-04,6234.16,3277.44,4813.66
2020-11-05,6351.98,3320.13,4885.11
2020-11-06,6301.25,3312.16,4885.72
2020-11-09,6421.65,3373.73,4981.35
2020-11-10,6373.09,3360.15,4953.88
2020-11-11,6294.61,3342.2,4904.9
2020-11-12,6315.49,3338.68,4908.46
2020-11-13,6306.97,3310.1,4856.85
2020-11-16,6387.37,3346.97,4904.17
2020-11-17,6336.94,3339.9,4894.79
2020-11-18,6341.01,3347.3,4891.67
2020-11-19,6360.6,3363.09,4927.99
2020-11-20,6422.99,3377.73,4943.29
2020-11-23,6472.93,3414.49,5005.03
2020-11-24,6475.19,3402.82,4974.29
2020-11-25,6350.37,3362.33,4910.7
2020-11-26,6334.3,3369.73,4919.59
2020-11-27,6351.61,3408.31,4980.77
2020-11-30,6320.94,3391.76,4960.25
2020-12-01,6426.62,3451.94,5067.1
2020-12-02,6434.98,3449.38,5067.14
2020-12-03,6440.88,3442.14,5057.06
2020-12-04,6464.73,3444.58,5065.92
2020-12-07,6424.68,3416.6,5022.24
2020-12-08,6423.65,3410.18,5009.88
2020-12-09,6307.22,3371.96,4942.7
2020-12-10,6320.1,3373.28,4940.52
2020-12-11,6209.43,3347.19,4889.63
2020-12-14,6259.02,3369.12,4934.84
2020-12-15,6265.58,3367.23,4945.1
2020-12-16,6235.44,3366.98,4953.87
2020-12-17,6308.9,3404.87,5017.48
2020-12-18,6291.92,3394.9,4999.97
2020-12-21,6398.6,3420.57,5046.84
2020-12-22,6250.06,3356.78,4964.77
2020-12-23,6307.6,3382.32,5007.12
2020-12-24,6205.22,3363.11,5000.02
2020-12-25,6278.5,3396.56,5042.01
2020-12-28,6244.48,3397.29,5064.41
2020-12-29,6199.85,3379.04,5042.94
2020-12-30,6269.25,3414.45,5113.71
2020-12-31,6367.11,3473.07,5211.29
2021-01-04,6482.79,3502.96,5267.72
2021-01-05,6539.73,3528.68,5368.5
2021-01-06,6528.14,3550.88,5417.67
2021-01-07,6538.12,3576.2,5513.66
2021-01-08,6557.6,3570.11,5495.43
2021-01-11,6455.4,3531.5,5441.16
2021-01-12,6543.23,3608.34,5596.35
2021-01-13,6496.91,3598.65,5577.97
2021-01-14,6439.89,3565.9,5470.46
2021-01-15,6417.5,3566.38,5458.08
2021-01-18,6514.46,3596.22,5518.52
2021-01-19,6476.37,3566.38,5437.52
2021-01-20,6535.42,3583.09,5476.43
2021-01-21,6622.5,3621.26,5564.97
2021-01-22,6637.81,3606.75,5569.78
2021-01-25,6645.31,3624.24,5625.92
2021-01-26,6532.96,3569.43,5512.97
2021-01-27,6557.16,3573.34,5528.0
2021-01-28,6414.38,3505.18,5377.14
2021-01-29,6346.14,3483.07,5351.96
2021-02-01,6393.28,3505.28,5417.65
2021-02-02,6454.79,3533.68,5501.09
2021-02-03,6399.33,3517.31,5485.2
2021-02-04,6328.79,3501.86,5473.95
2021-02-05,6239.87,3496.33,5483.41
2021-02-08,6323.16,3532.45,5564.56
2021-02-09,6457.88,3603.49,5686.25
2021-02-10,6525.17,3655.09,5807.72
2021-02-18,6614.54,3675.36,5768.38
2021-02-19,6703.48,3696.17,5778.84
2021-02-22,6657.06,3642.44,5597.33
2021-02-23,6631.23,3636.36,5579.67
2021-02-24,6536.19,3564.08,5437.57
2021-02-25,6499.15,3585.05,5469.56
2021-02-26,6364.35,3509.08,5336.76
2021-03-01,6488.44,3551.4,5418.78
2021-03-02,6433.33,3508.59,5349.63
2021-03-03,6524.75,3576.9,5452.21
2021-03-04,6401.99,3503.49,5280.71
2021-03-05,6403.5,3501.99,5262.8
2021-03-08,6256.41,3421.41,5080.02
2021-03-09,6108.0,3359.29,4971.0
2021-03-10,6062.26,3357.74,5003.61
2021-03-11,6213.83,3436.83,5128.22
2021-03-12,6222.38,3453.08,5146.38
2021-03-15,6173.87,3419.95,5035.54
2021-03-16,6195.24,3446.73,5079.36
2021-03-17,6225.36,3445.55,5100.86
2021-03-18,6273.86,3463.07,5141.77
2021-03-19,6206.6,3404.66,5007.09
2021-03-22,6305.69,3443.44,5057.15
2021-03-23,6219.17,3411.51,5009.25
2021-03-24,6142.54,3367.06,4928.69
2021-03-25,6157.41,3363.59,4926.35
2021-03-26,6251.79,3418.33,5037.99
2021-03-29,6254.94,3435.3,5046.88
2021-03-30,6280.36,3456.68,5094.73
2021-03-31,6254.07,3441.91,5048.36
2021-04-01,6311.66,3466.33,5110.78
2021-04-02,6326.61,3484.39,5161.56
2021-04-06,6343.1,3482.97,5140.34
2021-04-07,6348.08,3479.63,5103.74
2021-04-08,6356.75,3482.55,5112.21
2021-04-09,6335.24,3450.68,5035.34
2021-04-12,6226.42,3412.95,4947.75
2021-04-13,6209.78,3396.47,4939.64
2021-04-14,6277.21,3416.72,4980.63
2021-04-15,6276.46,3398.99,4948.97
2021-04-16,6339.59,3426.62,4966.18
2021-04-19,6425.26,3477.55,5087.02
2021-04-20,6428.54,3472.94,5083.37
2021-04-21,6420.26,3472.93,5098.74
2021-04-22,6445.47,3465.11,5089.24
2021-04-23,6462.76,3474.17,5135.45
2021-04-26,6442.65,3441.17,5077.24
2021-04-27,6446.28,3442.61,5090.52
2021-04-28,6489.74,3457.07,5119.24
2021-04-29,6491.93,3474.9,5164.17
2021-04-30,6485.71,3446.86,5123.49
2021-05-06,6489.35,3441.28,5061.12
2021-05-07,6444.44,3418.87,4996.05
2021-05-10,6475.99,3427.99,4992.42
2021-05-11,6456.04,3441.85,5023.06
2021-05-12,6512.05,3462.75,5044.55
2021-05-13,6439.03,3429.54,4992.97
2021-05-14,6525.8,3490.38,5110.59
2021-05-17,6578.14,3517.62,5184.99
2021-05-18,6599.6,3529.01,5187.6
2021-05-19,6584.39,3510.96,5172.27
2021-05-20,6548.71,3506.94,5186.41
2021-05-21,6527.86,3486.56,5134.15
2021-05-24,6544.12,3497.28,5155.59
2021-05-25,6619.67,3581.34,5318.48
2021-05-26,6628.21,3593.36,5320.59
2021-05-27,6685.41,3608.85,5338.23
2021-05-28,6668.17,3600.78,5321.09
2021-05-31,6728.99,3615.48,5331.57
2021-06-01,6739.76,3624.71,5341.68
2021-06-02,6681.43,3597.14,5289.97
2021-06-03,6667.73,3584.21,5255.29
2021-06-04,6693.06,3591.84,5282.28
2021-06-07,6721.5,3599.54,5277.63
2021-06-08,6684.56,3580.11,5232.12
2021-06-09,6692.9,3591.4,5236.45
2021-06-10,6765.64,3610.86,5271.47
2021-06-11,6725.92,3589.75,5224.7
2021-06-15,6663.66,3556.56,5166.56
2021-06-16,6566.29,3518.33,5080.49
2021-06-17,6616.17,3525.6,5101.89
2021-06-18,6657.76,3525.1,5102.47
2021-06-21,6707.18,3529.18,5090.39
2021-06-22,6739.79,3557.41,5122.16
2021-06-23,6789.95,3566.22,5147.39
2021-06-24,6754.87,3566.65,5155.97
2021-06-25,6813.41,3607.56,5239.97
2021-06-28,6828.52,3606.37,5251.76
2021-06-29,6765.42,3573.18,5190.54
2021-06-30,6808.18,3591.2,5224.04
2021-07-01,6716.67,3588.78,5229.66
2021-07-02,6658.05,3518.76,5081.12
2021-07-05,6711.01,3534.32,5085.79
2021-07-06,6709.5,3530.26,5083.1
2021-07-07,6764.13,3553.72,5140.49
2021-07-08,6748.65,3525.5,5088.26
2021-07-09,6804.54,3524.09,5069.44
2021-07-12,6904.38,3547.84,5132.71
2021-07-13,6961.85,3566.52,5142.1
2021-07-14,6898.75,3528.5,5083.08
2021-07-15,6932.41,3564.59,5151.46
2021-07-16,6925.12,3539.3,5094.77
2021-07-19,6889.34,3539.12,5113.49
2021-07-20,6901.13,3536.79,5108.99
2021-07-21,6984.54,3562.66,5144.04
2021-07-22,7026.55,3574.73,5151.75
2021-07-23,6985.75,3550.4,5089.23
2021-07-26,6868.21,3467.44,4925.3
2021-07-27,6719.26,3381.18,4751.31
2021-07-28,6621.98,3361.59,4760.48
2021-07-29,6758.89,3411.72,4850.27
2021-07-30,6767.32,3397.36,4811.17
2021-08-02,6872.0,3464.29,4933.74
2021-08-03,6816.01,3447.99,4934.46
2021-08-04,6931.34,3477.22,4978.85
2021-08-05,6911.83,3466.55,4948.67
2021-08-06,6938.87,3458.23,4921.56
2021-08-09,6979.53,3494.63,4985.56
2021-08-10,7019.23,3529.93,5043.15
2021-08-11,7073.52,3532.62,5015.34
2021-08-12,7095.2,3524.74,4973.35
2021-08-13,7088.89,3516.3,4945.98
2021-08-16,7052.49,3517.34,4941.07
2021-08-17,6894.4,3446.98,4837.4
2021-08-18,6941.01,3485.29,4894.24
2021-08-19,6947.06,3465.55,4862.14
2021-08-20,6920.02,3427.33,4769.27
2021-08-23,7024.56,3477.13,4835.88
2021-08-24,7090.78,3514.47,4888.39
2021-08-25,7153.0,3540.38,4898.16
2021-08-26,7118.84,3501.66,4801.61
2021-08-27,7180.11,3522.16,4827.04
2021-08-30,7226.88,3528.15,4813.27
2021-08-31,7255.34,3543.94,4805.61
2021-09-01,7193.1,3567.1,4869.46
2021-09-02,7307.01,3597.04,4869.41
2021-09-03,7278.68,3581.73,4843.06
2021-09-06,7355.4,3621.86,4933.73
2021-09-07,7498.93,3676.59,4992.83
2021-09-08,7544.04,3675.19,4972.13
2021-09-09,7617.45,3693.13,4970.01
2021-09-10,7607.67,3703.11,5013.52
2021-09-13,7648.75,3715.37,4991.66
2021-09-14,7556.62,3662.6,4917.16
2021-09-15,7592.31,3656.22,4867.32
2021-09-16,7446.94,3607.09,4807.7
2021-09-17,7395.56,3613.97,4855.94
2021-09-22,7453.62,3628.49,4821.77
2021-09-23,7502.84,3642.22,4853.2
2021-09-24,7380.38,3613.07,4849.43
2021-09-27,7170.59,3582.83,4877.37
2021-09-28,7198.9,3602.22,4883.83
2021-09-29,7010.22,3536.29,4833.93
2021-09-30,7103.61,3568.17,4866.38
2021-10-08,7091.34,3592.17,4929.94
2021-10-11,7090.47,3591.71,4936.19
2021-10-12,6952.19,3546.94,4883.84
2021-10-13,6981.59,3561.76,4940.11
2021-10-14,7008.33,3558.28,4913.61
2021-10-15,7024.16,3572.37,4932.11
2021-10-18,7068.1,3568.14,4874.78
2021-10-19,7120.38,3593.15,4922.72
2021-10-20,7118.8,3587.0,4910.18
2021-10-21,7098.25,3594.78,4928.02
2021-10-22,7026.07,3582.6,4959.73
2021-10-25,7103.99,3609.86,4979.52
2021-10-26,7102.43,3597.64,4963.1
2021-10-27,7048.6,3562.31,4898.16
2021-10-28,6950.28,3518.42,4864.14
2021-10-29,7022.5,3547.34,4908.77
2021-11-01,7060.76,3544.48,4890.69
2021-11-02,6985.1,3505.63,4839.85
2021-11-03,7017.85,3498.54,4821.11
2021-11-04,7073.85,3526.87,4868.74
2021-11-05,6991.91,3491.57,4842.35
2021-11-08,7026.97,3498.63,4848.18
2021-11-09,7081.75,3507.0,4846.74
2021-11-10,7062.33,3492.46,4821.19
2021-11-11,7119.86,3532.79,4898.65
2021-11-12,7156.61,3539.1,4888.37
2021-11-15,7098.21,3533.3,4882.38
2021-11-16,7045.94,3521.79,4883.32
2021-11-17,7104.53,3537.37,4885.75
2021-11-18,7084.68,3520.71,4837.62
2021-11-19,7169.88,3560.37,4890.06
2021-11-22,7255.07,3582.08,4912.4
2021-11-23,7261.38,3589.09,4913.35
2021-11-24,7256.11,3592.7,4916.66
2021-11-25,7233.54,3584.18,4896.44
2021-11-26,7219.86,3564.09,4860.13
2021-11-29,7221.9,3562.7,4851.42
2021-11-30,7252.76,3563.89,4832.03
2021-12-01,7272.84,3576.89,4843.85
2021-12-02,7229.99,3573.84,4856.16
2021-12-03,7301.92,3607.43,4901.02
2021-12-06,7240.46,3589.31,4892.62
2021-12-07,7206.83,3595.09,4922.1
2021-12-08,7302.99,3637.57,4995.93
2021-12-09,7320.32,3673.04,5078.69
2021-12-10,7306.65,3666.35,5055.12
2021-12-13,7353.03,3681.08,5083.8
2021-12-14,7324.13,3661.53,5049.7
2021-12-15,7314.26,3647.63,5005.9
2021-12-16,7381.0,3675.02,5034.73
2021-12-17,7314.56,3632.36,4954.76
2021-12-20,7195.97,3593.6,4880.42
2021-12-21,7275.47,3625.13,4913.49
2021-12-22,7302.46,3622.62,4914.45
2021-12-23,7337.19,3643.34,4948.74
2021-12-24,7278.76,3618.05,4921.34
2021-12-27,7272.75,3615.97,4919.32
2021-12-28,7286.03,3630.11,4955.96
2021-12-29,7247.77,3597.0,4883.48
2021-12-30,7310.96,3619.19,4921.51
2021-12-31,7359.4,3639.78,4940.37
2022-01-04,7354.46,3632.33,4917.77
2022-01-05,7222.67,3595.18,4868.12
2022-01-06,7229.96,3586.08,4818.23
2022-01-07,7175.68,3579.54,4822.37
2022-01-10,7191.45,3593.52,4844.05
2022-01-11,7135.22,3567.44,4797.77
2022-01-12,7196.93,3597.43,4845.58
2022-01-13,7097.76,3555.26,4765.92
2022-01-14,7081.14,3521.26,4726.73
2022-01-17,7157.86,3541.67,4767.28
2022-01-18,7163.16,3569.91,4813.35
2022-01-19,7118.76,3558.18,4780.38
2022-01-20,7056.79,3555.06,4823.51
2022-01-21,6976.62,3522.57,4779.31
2022-01-24,6979.25,3524.11,4786.74
2022-01-25,6743.96,3433.06,4678.45
2022-01-26,6782.58,3455.67,4712.31
2022-01-27,6605.92,3394.25,4619.88
2022-01-28,6580.53,3361.44,4563.77
2022-02-07,6676.61,3429.58,4634.09
2022-02-07,6676.61,3429.58,4634.09
2022-02-07,6676.61,3429.58,4634.09
2022-02-07,6676.61,3429.58,4634.09
2022-02-07,6676.61,3429.58,4634.09
2022-02-07,6676.61,3429.58,4634.09
2022-02-07,6676.61,3429.58,4634.09
2022-02-07,6676.61,3429.58,4634.09
2022-02-08,6742.19,3452.63,4608.77
2022-02-09,6843.03,3479.95,4652.06
2022-02-10,6840.49,3485.91,4639.86
2022-02-11,6745.02,3462.95,4601.4
2022-02-14,6695.7,3428.88,4551.69
2022-02-15,6760.28,3446.09,4600.1
2022-02-16,6772.03,3465.83,4617.99
2022-02-17,6768.79,3468.04,4629.16
2022-02-18,6835.02,3490.76,4651.24
2022-02-21,6867.11,3490.61,4634.31
2022-02-22,6784.76,3457.15,4574.15
2022-02-23,6887.42,3489.15,4623.05
2022-02-24,6764.88,3429.96,4529.32
2022-02-25,6819.43,3451.41,4573.42
2022-02-28,6853.31,3462.31,4581.65
2022-03-01,6874.04,3488.83,4619.69
2022-03-02,6875.24,3484.19,4578.6
2022-03-03,6859.55,3481.11,4551.63
2022-03-04,6803.83,3447.65,4496.43
2022-03-07,6659.39,3372.86,4352.78
2022-03-08,6429.89,3293.53,4265.39
2022-03-09,6305.61,3256.39,4226.35
2022-03-10,6414.94,3296.09,4292.84
2022-03-11,6474.13,3309.75,4306.52
2022-03-14,6323.58,3223.53,4174.76
2022-03-15,5964.98,3063.97,3983.81
2022-03-16,6156.27,3170.71,4156.08
2022-03-17,6267.52,3215.04,4237.7
2022-03-18,6332.22,3251.07,4265.9
2022-03-21,6358.94,3253.69,4258.75
2022-03-22,6358.11,3259.86,4255.3
2022-03-23,6398.1,3271.03,4276.52
2022-03-24,6344.12,3250.26,4251.31
2022-03-25,6268.24,3212.24,4174.57
2022-03-28,6283.28,3214.5,4148.47
2022-03-29,6253.07,3203.94,4134.14
2022-03-30,6377.87,3266.6,4254.1
2022-03-31,6324.96,3252.2,4222.6
2022-04-01,6364.52,3282.72,4276.16
2022-04-06,6356.93,3283.43,4263.84
2022-04-07,6221.59,3236.7,4209.1
2022-04-08,6224.12,3251.85,4230.77
2022-04-11,6029.89,3167.13,4100.07
2022-04-12,6126.91,3213.33,4179.97
2022-04-13,6044.33,3186.82,4139.74
2022-04-14,6126.49,3225.64,4191.57
2022-04-15,6070.75,3211.24,4188.75
2022-04-18,6074.01,3195.52,4166.38
2022-04-19,6092.4,3194.03,4134.9
2022-04-20,5956.92,3151.05,4070.79
2022-04-21,5759.8,3079.81,3995.83
2022-04-22,5740.98,3086.92,4013.25
2022-04-25,5369.72,2928.51,3814.91
2022-04-26,5234.01,2886.43,3784.12
2022-04-27,5437.04,2958.28,3895.54
2022-04-28,5418.76,2975.48,3921.11
2022-04-29,5627.9,3047.06,4016.24
2022-05-05,5686.7,3067.76,4010.21
2022-05-06,5563.77,3001.56,3908.82
2022-05-09,5608.52,3004.14,3877.44
2022-05-10,5690.09,3035.84,3919.87
2022-05-11,5737.82,3058.7,3976.42
2022-05-12,5743.1,3054.99,3958.74
2022-05-13,5796.8,3084.28,3988.6
2022-05-16,5791.08,3073.75,3956.54
2022-05-17,5816.34,3093.7,4005.89
2022-05-18,5797.49,3085.98,3991.91
2022-05-19,5838.41,3096.96,3999.6
2022-05-20,5929.49,3146.57,4077.6
2022-05-23,5965.73,3146.86,4053.98
2022-05-24,5745.68,3070.93,3959.15
2022-05-25,5844.25,3107.46,3983.18
2022-05-26,5911.56,3123.11,3993.04
2022-05-27,5899.92,3130.24,4001.3
2022-05-30,5942.83,3149.06,4029.02
2022-05-31,6026.24,3186.43,4091.52
2022-06-01,6023.64,3182.16,4083.18
2022-06-02,6078.43,3195.46,4089.57
2022-06-06,6187.44,3236.37,4166.09
2022-06-07,6186.57,3241.76,4179.13
2022-06-08,6217.83,3263.79,4219.81
2022-06-09,6130.69,3238.95,4175.67
2022-06-10,6240.1,3284.83,4238.99
2022-06-13,6233.62,3255.55,4189.35
2022-06-14,6275.57,3288.91,4222.31
2022-06-15,6261.06,3305.41,4278.22
2022-06-16,6264.82,3285.38,4250.06
2022-06-17,6316.31,3316.79,4309.04
2022-06-20,6330.39,3315.43,4330.43
2022-06-21,6277.0,3306.72,4325.57
2022-06-22,6179.57,3267.2,4270.62
2022-06-23,6300.47,3320.15,4343.88
2022-06-24,6368.28,3349.75,4394.77
2022-06-27,6407.74,3379.19,4444.26
2022-06-28,6501.35,3409.21,4490.52
2022-06-29,6374.3,3361.52,4421.36
2022-06-30,6454.08,3398.62,4485.01
2022-07-01,6438.54,3387.64,4466.72
2022-07-04,6523.13,3405.43,4496.03
2022-07-05,6511.53,3404.03,4489.54
2022-07-06,6418.55,3355.35,4423.97
2022-07-07,6452.99,3364.4,4443.47
2022-07-08,6404.44,3356.08,4428.78
2022-07-11,6319.14,3313.58,4354.62
2022-07-12,6241.48,3281.47,4313.62
2022-07-13,6268.49,3284.29,4321.46
2022-07-14,6302.43,3281.74,4322.07
2022-07-15,6196.8,3228.06,4248.53
2022-07-18,6312.36,3278.1,4292.59
2022-07-19,6335.71,3279.43,4269.34
2022-07-20,6410.71,3304.72,4283.8
2022-07-21,6347.6,3272.0,4236.06
2022-07-22,6289.53,3269.97,4238.23
2022-07-25,6231.24,3250.39,4212.64
2022-07-26,6307.96,3277.44,4245.98
2022-07-27,6332.23,3275.76,4225.04
2022-07-28,6348.17,3282.58,4225.67
2022-07-29,6294.11,3253.24,4170.1
2022-08-01,6347.22,3259.96,4188.68
2022-08-02,6170.0,3186.27,4107.02
2022-08-03,6124.31,3163.67,4066.98
2022-08-04,6158.73,3189.04,4101.54
2022-08-05,6270.51,3227.03,4156.91
2022-08-08,6323.07,3236.93,4148.07
2022-08-09,6341.48,3247.43,4156.29
2022-08-10,6322.06,3230.02,4109.74
2022-08-11,6439.36,3281.67,4193.54
2022-08-12,6420.85,3276.89,4191.15
2022-08-15,6442.81,3276.09,4185.68
2022-08-16,6465.19,3277.88,4177.84
2022-08-17,6493.5,3292.53,4216.96
2022-08-18,6468.81,3277.54,4180.1
2022-08-19,6391.72,3258.08,4151.07
2022-08-22,6472.68,3277.79,4181.4
2022-08-23,6466.4,3276.22,4161.08
2022-08-24,6284.58,3215.2,4082.42
2022-08-25,6322.7,3246.25,4116.24
2022-08-26,6298.37,3236.22,4107.55
2022-08-29,6310.4,3240.73,4089.52
2022-08-30,6285.93,3227.22,4075.79
2022-08-31,6155.75,3202.14,4078.84
2022-09-01,6126.77,3184.98,4043.74
2022-09-02,6149.43,3186.48,4023.61
2022-09-05,6182.65,3199.91,4015.43
2022-09-06,6291.57,3243.45,4052.28
2022-09-07,6301.56,3246.29,4054.98
2022-09-08,6272.58,3235.59,4037.68
2022-09-09,6316.97,3262.05,4093.79
2022-09-13,6300.42,3263.8,4111.11
2022-09-14,6249.96,3237.54,4065.36
2022-09-15,6107.8,3199.92,4027.12
2022-09-16,5954.5,3126.4,3932.68
2022-09-19,5913.15,3115.6,3928.0
2022-09-20,5958.29,3122.41,3932.84
2022-09-21,5978.58,3117.18,3903.73
2022-09-22,5965.89,3108.91,3869.34
2022-09-23,5889.6,3088.37,3856.02
2022-09-26,5806.32,3051.23,3836.68
2022-09-27,5920.05,3093.86,3892.3
2022-09-28,5769.52,3045.07,3828.71
2022-09-29,5771.88,3041.2,3827.14
2022-09-30,5714.06,3024.39,3804.89
2022-10-10,5635.71,2974.15,3720.94
2022-10-11,5684.51,2979.79,3727.69
2022-10-12,5820.45,3025.51,3784.31
2022-10-13,5830.34,3016.36,3752.67
2022-10-14,5973.44,3071.99,3842.47
2022-10-17,6015.6,3084.94,3846.41
2022-10-18,6035.67,3080.96,3838.27
2022-10-19,5972.72,3044.38,3776.53
2022-10-20,5948.86,3035.05,3754.93
2022-10-21,5956.88,3038.93,3742.89
2022-10-24,5896.9,2977.56,3633.37
2022-10-25,5869.78,2976.28,3627.45
2022-10-26,5971.6,2999.5,3656.9
2022-10-27,5963.0,2982.9,3631.14
2022-10-28,5781.8,2915.93,3541.33
2022-10-31,5807.11,2893.48,3508.7
2022-11-01,5941.15,2969.2,3634.17
2022-11-02,5997.8,3003.37,3677.81
2022-11-03,5996.72,2997.81,3647.9
2022-11-04,6133.46,3070.8,3767.17
2022-11-07,6141.41,3077.82,3775.3
2022-11-08,6134.26,3064.49,3749.33
2022-11-09,6120.83,3048.17,3714.27
2022-11-10,6089.7,3036.13,3685.69
2022-11-11,6138.62,3087.29,3788.44
2022-11-14,6129.51,3083.4,3794.02
2022-11-15,6236.38,3134.08,3865.97
2022-11-16,6203.92,3119.98,3834.39
2022-11-17,6217.21,3115.43,3818.66
2022-11-18,6191.65,3097.24,3801.57
2022-11-21,6189.71,3085.04,3769.13
2022-11-22,6125.4,3088.94,3769.57
2022-11-23,6115.6,3096.91,3773.53
2022-11-24,6120.07,3089.31,3756.81
2022-11-25,6087.86,3101.69,3775.78
2022-11-28,6055.28,3078.55,3733.24
2022-11-29,6163.82,3149.75,3848.42
2022-11-30,6156.15,3151.34,3853.04
2022-12-01,6186.1,3165.47,3894.77
2022-12-02,6168.01,3156.14,3870.95
2022-12-05,6215.12,3211.81,3946.88
2022-12-06,6211.25,3212.53,3968.2
2022-12-07,6204.01,3199.62,3958.44
2022-12-08,6186.28,3197.35,3959.18
2022-12-09,6192.3,3206.95,3998.24
